x,y,ddG,dS,true_sequences
13.544807,14.507022,-0.7306,0.017,STIEEQAKTFLDKFNHEAEDLFYQSSLAKWNYNTNITEENVQNMNNAGDKWSAFLKEQSTLAQMYPLQEIENLTVKLQLQALQ
-0.40074915,11.097868,-0.7681,0.017,ATIEEQAKTFLDKFNREAEDLFYQSSLASWNYNTNITEENVENMNNYGDKWSAFLKEQSTLAQMYPLQEIQNLTVKLQLQALQ
9.191717,14.122949,-1.3282,0.017,SSIEEQAKKFLDKFNHEAEDLFYQSSLASWDYNTNITEENVQNMNNAGDKWSAFLKEQSTLAQMYPLQEIQNLTVKLQLQALQ
-9.441395,8.905304,-0.0167,0.017,STIEEQAKTFLDKFNHEAEDLFYQSSLASWNYNTNITEENVQNMMNAGDKWSEFWKEQSTLAQMYPLQEIQNLTVKLQLQALQ
2.4308016,-21.219425,-1.2203,0.017,DQIEEQAKTFLDKFNHEAEDLFYQSSLASWNYNTNITEENVYNMNNAGDKWSAFLKEMSTLAQMYPLEEIQNLTVKLQLQALQ
20.363401,-0.923436,-0.7663,0.005,STLEEQAKDFLDKFNHEAEDLFYQSSLASWNYNTNITEENVQNMNNAGDKWSAFLKEQSHLAQPYPLQEIQNLTVKLQLQALR
22.07605,-15.700543,-1.8396,0.017,WDIEEQAKTFLDKFNHEAEDLFYLSSLASWNYNTNITEENVQWMNNAGDKWSAFLDEQSTLAQMYPLQEIQYLTPKLQLQALQ
-23.991262,-2.0804582,-0.1471,0.017,SDIEEQAKTFLDKFNHEAEDLFYQSSLASWNYNTNITEENVQNMNNAGDKWSAFLKEQSMLAQMYPLQEIQNLTVKLQLQAAQ
24.758738,-5.55398,-0.1454,0.017,STIEEQAKTFLDKFNHEAEDLFYQYSLASWNYNTNITEENVQNMNNAGDKWSAFLKEQSTLAQMYPLQEINDITVKLQLQRLQ
16.721848,8.664961,-1.9383,0.017,STIEEQAKTFLDKFNHEAEDLFYQSSLAFWNYNTNITEENVQNMNNAGDKWSAFLEEQSTLAQMYPLQEIQNLTVKLQLQALQ
1.0202868,4.2132816,-0.5685,0.017,STIEEQAKIFLDKFNHEAEDLFYQSSLASWNYNTNITEENVDNMNNAGDKWSAFLKEQSTLAQMYPLQEIQNLTLKLQLQALQ
-4.674417,-0.6681316,-0.8561,0.017,STIEEQAKTFLDKFNHEAEDLFYQMSLASWNYNTNITEENVQNMNNAEDKWSAFLKEQSTLANMYPLQEIFNLTVKLQLQALQ
-0.2025659,-12.383029,-0.4398,0.017,STIEEQAKTFLDKFNHEAEDLFYQSSLASWNYNTNITEENVQNMNNAGDKWSAFLKEQLTLAQMYPLQEIENLWVKLQLQALQ
-7.5128255,13.314568,-1.1382,0.017,STIEEQAKTFLDKFNHEAEDLFYQSSLASWNYNTNITEENVQNMNNAGDKWSAFLKEQSTLAQMYPPQEIQNLDVKLQLQALQ
8.111711,12.749202,-1.4395,0.017,STIEELAKTFLDKFNHEAEDLFYQSSLASWNYNTNITEENVQNMNNAGDKWSAFLKEQSTLAQMYPLQEIQEFTVKLQLQALQ
25.787817,6.5009813,-4.4631,0.017,SDIEEQAKTFLDKFNHEAEDLFYQSSLAMWNYNTNITEENVQNMNNAGDKWSAFLFEQSTLAMMYPLQEIQNLTVKLQLQALQ
2.8953667,-15.568759,-1.3262,0.017,STIEEEAKTFLDKFNHEAEDLFYQSSLASWNYNTNITEENVLNMNLAGDKWSAFLKEMSTLAQMYPLQEIQNNTVKLQLQALQ
-20.054504,7.807696,-0.7398,0.017,SGIEEQAKTFLDKFNHEAEDLFYQSSLASWRYNTNITEENVQNMNNAGDKWSAFLKEQSTLAQMYPLQEIQNLTVKLEMQALQ
24.941626,-10.375724,-1.0461,0.017,ADIEEQAKTFLDKFNHEAEDLFYQSSLASFNYNTNITEENVQNMNGAGDKWSAFLKEQSTLAQMYPLQEIQNLTVKLQLQALS
20.536573,10.775185,-1.7806,0.017,STIEEQAKTFLDKFNHEAEDLFYQSSLAEWNYNTNITEENVQNMNQAGDKWSAFLKEQSTLAQMYPLQEIQNLTIKLQLQALQ
-13.057397,-7.7856517,-0.8554,0.017,SDIEEQAKTFLDKFNHEAEDLFYQTSLASWNLNTNITEENVQNMNNAGDKWEAFLKVQSTLAQMYPLQEIQNLTVKLQLQALQ
7.906679,1.5093294,-1.4865,0.017,SSIEEQAKTFLDKFNEEAEDLFYQSSLASWNYNTNITEENVQNMNNAGDKWSLFLKEQSTLAQMYPLQEIQNLTVKLQLQALQ
1.6552145,2.4033163,-1.5717,0.005,STIEEQAKTFLDKFNHEAEDLFYQSSLASWNYNTNITEENVQYMNNEGDKWSAFLKEQSHLAQMYPLQEIQNLTVKLQLQALK
23.939852,-4.4783998,-0.1668,0.017,STIEEQAKTFLDKFNHEAEDLFYQMSLASWNYNTNITEENVQNMNNAGDKWSAFLKEQSTLAQDYPLQEIQNLTVKLQLQALQ
-24.232128,3.7760994,-1.2113,0.017,STEEEQAKMFLDKFNHEAEDMFYQYSLASWNYNTNITEENVQNMNNAGDKWSAFLKEQSTLAQMYPLQEIQNLTVKLQLQALQ
12.233046,18.658989,-0.0279,0.017,STIEEQAKTFLDKFNHEAEDLFYQSSKASWNYNTNITEENVQEMNNAGDKWSAFLKEQSTLAQMYPLQEIQNLTVKLQLQALI
-2.7774415,-11.6650915,-1.8086,0.017,SNIEEQAKTFLDKFNHEAEDLFYQSSLASWNYNTNITEENVQNMNNAEDKWSAFLIEQSTLAQMYPLQEIQNLTVKLQLQALQ
19.095104,19.407368,-1.5696,0.017,STIEEQAKTFLDKFFHEAEDLFYQSSLASFAYNTNITEENVQNMNNAGDKWSAFLKEQSTLAQMYPLQEIDNLTVKLMLQALQ
-2.459378,13.034828,-1.8183,0.017,STIEEQAKTMLDKFNHEAEDLFYQSSLASWRYNTNITEENVDNMNNMGDKWSAFLKEQSTLAQMFPLQEIQKLTVKLQLQALQ
1.4860846,-17.70318,-1.7443,0.017,STIEEQAKTFLDKFNLEAEDLFYQSSLASWNYNTNITEENVENMNNAGDKWMAFLKEQSTLAQMYPLQEIQNLTVLLQLQALQ
-3.1596408,-8.733369,-0.0988,0.017,STIEEQAKTFLDKFNHEAEDLFYQSSLASWNYNTNITEENVQNMNNAGDEWSAFLKEQSTLAQMYPLQEIQNLWVKLQLQALQ
20.400583,-6.064364,-0.2069,0.017,STIEEQAKDFLDKFNHEAEDLFYQSSLASWNYNTNITEENVQNMNNAGDKWSAFLKEQSTLAQMLPLQEIQNLTVKLQLQALQ
11.427591,11.049153,-0.2052,0.017,STIEEQAKTFLDKFNHEAEDLFYQSSLASWRYNTNITEENVQNMNNAGDKWSDFLKEQSTLAQMYPLQEIQNLTVKLQLQKLQ
20.3974,-13.492746,-4.8645,0.017,SDIEEQAKTFLDKFNHEAEDLFYQSSLASWNYNTNITEENVQNMNNAGDKWSAFLKEQSTLAQMYPLQEIQNLTVKLQLQALQ
-25.915812,5.5829377,-1.2536,0.017,STIEEQAKTFLDKFNHEAEDFFYQSSLFSWNYNTNITEENVQNMNNAGDKWSAFLKEQSTLAQMYPLQEIQNLEVKLMLQALM
22.86911,12.761736,-1.0251,0.005,STIEEQAKTFLDKFNHEAEDLFYQQSLAEWNYNTNITEENVQNMNNAGDKWSAFLKEQSTLAQMFPLQEIQNLTVKLQLQALQ
-14.39661,-13.076316,-2.4691,0.017,STIEEQAKTFLDKFNHEAEDLFYHSSLASWTYNTNITEENVQNMNNFGDKWIAFLKEQSTLAQMYPLEEIQNLTVKLQLQALQ
-13.818157,16.19164,-0.9982,0.043,STIEEQAKTFLDKFNHEAEDLFYQSSLASWNYNTNITEENVQNMNNAGDKWSAFLFEQSTRAQMYPPQEIQNLTVKLQLQALQ
-18.546429,4.197467,-1.8109,0.017,SEIEELAKTFLDKFNQEAEDLFYQSSLASWNYNTNITEENVQNMNNAGDKWSHFLKEQSTLAQKYPLQEIQNLTVKLMLQALQ
-14.935363,-15.556718,-0.2505,0.017,STIEEQAMTFLDKFNHEAEDLFYQSSLASWNYNTNITEENVQNMNGFGDKWSAFLKEQSALAQMYPLQEIQNLTVKLELQALQ
16.602829,-14.787211,-0.1961,0.017,SQIEEQAKTFLDKFNHEAEDLFYQSSLASWNYNTNITEENVQNMNNAGEKWSAFLKEISTLAQMYPLQEIDNLTVKLQLQALQ
-13.743712,10.565131,-0.4905,0.017,STIEEQAKTFLDDFNHEAEDLFYQSSLQSWNYNTNITEENVQNMNNAWDKWSAFLKEQSTLAQMYPPQEIQNLTVKLQLQALQ
-19.722971,-6.210368,-1.561,0.017,STIEEQAKTFLDKFNHEAEDLFYQSSLWSWNYNTNITEENVQNMNNAEDKWKAFLKEQATLAQMYPLQEIQNLTVKLQLQALQ
-9.317663,-11.208823,-1.7681,0.005,STIEEQAKTFLDKFNHEAEDLFYQSSLASWNYNTNITEENVQNMNNAGDKWEAFLKEQSTLAQMYPLQEIQNLTVKLQLQALQ
-21.02314,-0.6528968,-0.0818,0.017,YTIEEQAKDFLDKFNHEAEDLFYQSSLASWNYNTNITEENVQHMNNAGDKWNAFLKEQSTLAQMYPLQEIQNWTVKLQLQALQ
0.8152798,-10.085563,-0.9352,0.017,STLEEQAKTFLDKFNHEAEDLFYQSSLASWNYNTNITEENVQNMNNAGDKWSEFLKEQSTLAQMYPLMEIQNLTVKLQLQALQ
5.36358,7.187702,-0.7938,0.017,STIEEQAKTFLDKFNHEAEDLFYQSSLASWNYNTNITEENVQNMIEAGDKWSAFLKEQSTLAQMYPLQEIQNLTVKLQLQALQ
-2.728309,13.1533375,-0.4714,0.017,STIEEQAKTFLDKFNHEAEDLFYQSSLMSWEYNTNITEENVQNMNNAGDKWSAFLKEQSTLAQKYPLQEIQNLTVKLQLQALQ
-25.039583,-4.524257,-0.4028,0.017,DTMEEQAKTFLDKFNHEAEDLFYQSSLASWNYNTNITEENVQNMNNAGDKWSYFLKEQSTLAQMYPLQEIQNLTVKLQLWALQ
-16.026398,16.164755,-0.3157,0.043,STIEEQAKVFLDKFNHEAEDLFYQSSLASWNYNTNITEENVQNMNNAKDKWSAFLKEQSTLAQMYPLQEIQNLTVKGQLQAMQ
19.712172,10.242195,-0.7871,0.017,STIEEQAKTFLDKFNHEAEDLFYQSSLAEWNYNTNITEENVQNMNNAGDKWSAFLKEQSTLAQMYPLQEIQNLTVKLQLQALQ
24.347675,1.5667883,-1.399,0.017,STDEEQAKTFLDKFNHEAEDLFYQSSLAKWNYNTNITEENVQNWNNAGDKWSAFLKEQSTLAQMYPLQEIQTLTVKLQLQMLK
-22.012367,-4.621549,-0.805,0.005,STIEEQAKTFLDKFNHEAEDLFYQSSLASWHYNTNITEENVQNMNNAGDEWSAFLREQSMLAQMYPLQEIQNLTVKLQLQALQ
7.532822,-14.513751,-0.4422,0.017,DTYEEQAKTFLDKFNHEAEDLFYQSSLASWNYNTNITEENVQNMNNAHDKWSAFMKEQSTLAQMYVLQEIQNLPVKLQLQALQ
-0.2983896,0.7687019,-0.3292,0.017,STIEEKAKTFLDKFNHEAEDLFYQSSLASWNYNTNITEENVQNMYNAGDKWSAFLEEQSTLAQMYPLQEIQNLTVKLQLQALQ
-8.953696,-4.4323263,-0.0836,0.005,STIEEQAKTFLDKFNHEAEDLFYQWSLASWNYNTNITEENVQNMNNADDKWSAFLKEQSTLAQMYPLQEIQNLTVKLQLQALQ
-0.66454935,-21.495062,-1.4332,0.017,STIEEMAKTFLDKFDHEAEDLFYQSSLASWNYNTNITEENVQNMNNALDKWSWFLKEQSTLAQPYPLQEIQNLTVKLQLQALQ
-12.670932,-21.508377,-1.5542,0.017,STIEEQAKTFLDKFNHEAEDEFYKMSLASWNLNTNITEENVQNMNNAGDKWSAFLKEMSTLAQMYPLQEIQNLTVKLQLQALQ
3.6813302,9.801655,-0.0349,0.017,STIEEQAKTFLDKFNHEAEDLFYQSSLASWNYNTNITEENVENMNNAGDKWSAFLKEQSTLAQRYPLQEIQNLTVKLQLQALQ
22.786104,0.37839228,-0.8988,0.017,STIEEQAKTFLDKFNHEAEDLFYQSSLAWWNYNTNITEENVQNMNNAGDKWSAFLKEQSTLAQMYPLQEIQDLTVKLQLQALQ
-21.981073,5.0748897,-0.3528,0.043,STIEEQAITFLDKFNHEAEDLFYQSSLASWNYNTNITEENVQNMNNAGDKWSAFMKENSTLAQMMPLQEIQNLTVKLQLQAMQ
1.7586172,9.796956,-0.8589,0.017,STIEEQAKTFLDKFNHEAEDLFYQSSLQSWNYNTNITEENVENMNNAGDKWSAFLKEQSTLAQMYPLQEIQNLTVKLQLQALQ
-11.423115,7.2082543,-0.174,0.017,STIEEQAKTFLDKFNHEAEDLFYQSSLASWNYNTNITEENVQNMNNAGDKWSAFLKEQSTLAQMYPLQEIQELTVKLQLMALQ
-9.232993,-15.9693775,-0.3408,0.005,STIEEQAKTFLDKFNHEAEDLFYQSSLHSWNYNTNITEENVQNMNNAGDNWLAFLKRESTVAQMYPLQEIQELTVKLQLKALQ
-22.993355,-10.0303545,-0.2959,0.017,STIEEQAKTFLDKFNMEAEDLFYQSSLASWNYNTNITEENVQNMNNAGDKWEAFLKEQSTLAQMYPLQEIQNLTVKLQLQALQ
8.040832,14.846826,-0.4385,0.017,STIEEQAKTFLDKFNHEAEDLRYQSSLASWNYNTNITEENKQNMNNAEDKWSAFLKEQSTLAQFYPLQEIQNLTVKLQLQALQ
7.171213,-5.172383,-0.2811,0.017,STIEEQAKTFLDKFNHEAEDLFFQSSLASWNYNTNITEENVQNMENKGDKWSAFLLEQSTLAQMYPLQEIQNLTVKLQLQFLQ
-9.662629,-15.334543,-0.4789,0.017,STIEEQAKTFLDKFNHEAEDLFYQSSLASWNYNTNITEENVQNMNEAGDKWYAFLKEESTLAQMYPLQEIQNLTVKLQLQALQ
-21.204401,-10.114171,-0.2544,0.017,STIEEQAKTFLDKFNHEAEDMFYQSSLASWNYNTNITEENVQNMNLAGDKWEAFLKEQSTLAQMYPLQEIQDLTVKLQLQALQ
11.93255,3.1423662,-0.7221,0.017,STIEEQAKTFLDKFDHEAEDLFYQSSLASWSYNTNITEENVSWMNDAGDKWIAFLKEQITLAQMYPLQEIQNLRVKLQLQALQ
-0.8591058,12.100592,-0.5461,0.017,STIEEQAKTFLDKFNHEAEDLFYQSSLASWNYNTNITEENVDNMNNAGDKWSAFLKEQSTLAQMFPLQEIQNLTVKLQLQALQ
2.6975477,-17.7075,-0.3823,0.017,STIEETAKTFLDKWNHEAEDLFYQSSLASWNYNTNITEENVQNMNNANDKWDAFLKEQSTLAQMYPLQEIQNLTVKLQLQALQ
18.680784,-14.462438,-0.022,0.017,SDPEEQAKTFLDKFNHEAEDLFYQSSLASWNYNTNITEENVQNMNNAGDVWSAFLKEQSTLAQMYPLQEIQNLTVKLQLQALQ
5.5689654,-7.940228,-0.0254,0.017,STIEEQAKTFLDKFNHEAEDLFYQSSLASWNYNTNITEENVQNMTNADDKWSAFLKEQSTLAQMYPLQEIQNLTVKLQLQYLQ
-16.292398,17.681797,-2.4631,0.017,STIEEQAKIFLDKFNHEAEDLFYQSSEASWNYNTNITEENVQNMNNAGDKWSAFLKEQSTLAQMYPLQEIQNRTVKLRLQALQ
21.63842,-14.872375,-0.0535,0.06,SDIEEQAKTFLDKFNHEAEDLFYLSSLASWNYNTNITEENVQNMNIAGDKWSAFLKEQSTLAQMYPLQEIQNLGVKLQLQALQ
-11.555497,-6.5524,-0.5356,0.017,SEIEEQAKTFLDKFNHEAEDLFYQLSLASWNYNTNITEENVQNMNNAGDKWSAFLREQSGLAQMYPLQEIQNLTVKLQLQALQ
9.866851,15.974703,-0.5144,0.017,STIEEQAKTFLDKFNHEAEDLFYQSSLASWRYNTNITEENVENMNNAGDFWSAFLKEQSTLAQMYPLQEIENLTVKLQLQALQ
-20.149141,10.9852295,-0.7574,0.043,STIEEQAKTFLDKFNHEAEDFFYQSSLASWNYNTNITEENVQNMNNAADKWSAFLSEQSTLAQMYPLQEIQNMTVKLQLQALQ
-6.1032696,-11.828608,-0.6796,0.017,STIEEQAKVFLDKFNHEAEDLFYQSELASWNYNTNITEENVQNMNNAGDKWSAFLKEQSTLAQMYPLQEIQNLTVKLQLQALQ
-26.481646,4.6257043,-1.4178,0.017,STTEEQAKTFLDKFNHEAEDLFYQFSLASWNYNTNITEENVQNMNNAGDKWSAFLKEQSTLAQMYPLQEIQNLTVKDMLQALQ
20.08023,-5.466161,-0.8606,0.017,STIEEQAKDFLDKFNHEAEDLFYQSSLASWNYNTNITEENVQNMNNAGDKWSAFLKEQSTLAQMYPLQEIQNLTVKLQLQALQ
12.758798,-4.1830645,-0.8284,0.017,STIEEQAKTFLDKLNHEAEDLFYQSSLASWNYNTNITEENVQMMNNEGDKWSAFLKEQSTLAQMYPLQEIQNLPVKLQLQALQ
-19.47759,-9.239684,-3.372,0.005,SNIEEQAKTFLDKFAHEAEDLFYQHELASWNYNTNITEENVQNMNAAGDKWIAFLKEQSTLAQMYPLQEIENLTVKLMLQALQ
13.095903,-0.8142474,-0.6846,0.005,STIEEQAKTFLDKFNHEAEDLFYQSSLASWNYNTNITEENVQNMNNEGEKWSAFLKEQSTLAQMYPLQEIQNLPVKLQLQALQ
1.2504139,17.61739,-1.5162,0.017,STIEEQAKFFLDKFNHESEDLFYQSSLASWNYNTNITEENVQNMNNAGDDWSAFLKEQSTLAQMYPLQEIQNLTVKLQLQALQ
-4.381305,3.8451238,-0.004,0.017,STIEEQAKTFLDKFNHEAEDLFYQHSLANWNYNTNITEENVQNMNNADDKWSAFLKEQSTLAQMYPLQEIQNLQVKLQLQALQ
-9.2356615,-18.244875,-0.4108,0.005,STIEEQAKTFLDKFNHEAEDLFYQSSLASWWYNTNITEENVQNMNNAGDKWSAFLKEESTLAQMYPLQEIQNLTVKLQLQALQ
6.1392136,-1.4245036,-0.1244,0.017,STIEEQAKTFLDKFNEEAEDLFYQSSLASWNYNTNITEENVQNMNNALDKWSAFLKEQSTLAQMYPLQEIQNLTVKLQLQALQ
-14.85562,-2.9735386,-1.9742,0.017,SHIEEQAKTFLDKFNHEAEDLFYQSSLASWNYNTNITEENVQNMNNAEDKWSAFLKEQSTLAQMYPLQEIQNLTVKLQLQALM
10.0734215,5.3965516,-0.6543,0.017,STIEEQAKTFLDKFNHEAEDLFYQSKLASWNYNTNITEENVQNMNEAGDKWSAFLKEQSTLAQMYPLQEIQNLTVKLQLQALQ
-23.500591,1.1775876,-1.1105,0.017,SEIEEQAKMFLDKFNHEAEDLFYQSSLASWTYNTNITEENVQNMNNAGDKWSAFLFEQSTLAQMYPLQEIQNLTVKLQLQALQ
23.612337,-15.09605,-1.9783,0.017,SDIEEQAKTFLDFFNHEAEDLFYHSSLASWNYNTNITEENVQRMNNDGDKWSAFLKEQSTLAQMYPLQEIQNLTVKLQLQFLR
-3.197682,6.5039105,-3.3663,0.005,STIEEQAKDFLDKFNHEAEDLFYQFSLASWNYNTNITEENVQNMNSAGDKWSAFLKEQSTLAQMYPLQEIQNLTVKLQLQELQ
26.985348,8.0495615,-1.6574,0.017,STIEEQAKTFLDKFNHEAEDLFYQSSLAMWNYNTNITEENVQNMNEAGDKWSAFLKEQSTLAQMYPLQEIQNLTVKLQLQALQ
-14.9703045,-15.086305,-2.3265,0.017,STIEEQAKTFLDKFEHEAEDLFYQSSLFSWNYNTNITEENVQNMNFAGDKWSIFLKEQSTLAQMYPLQEIQNLTVKLQLQALQ
19.73839,6.756872,-2.8241,0.017,STIEEQAKTFLDKFNHEAEDLFYQSSLAWWNYNTNITEENVVNMNNAGDKWSEFLKEQSTLAQMYPLQEIQNLTVKLQLQALQ
-5.6238976,-8.280824,-0.8814,0.017,STIEEQAMTFLDKFNHEAEDLFYQSSLASWNYNTNITEENVQNMNNAGDKWSAFLKEQSTLAQMYPLQEIQNLTVKLELQNLQ
3.0641587,13.67514,-0.9862,0.017,STIEEQAKTFLAKFEHEAEDLFYQSSLASWNYNTNITEENVQNMNNAGDKWSAFLKEQSTLAQMYPLQEIQNLTVKLQLEALQ
-22.82635,-9.8489275,-0.1513,0.017,STIEEQAKTFLDKFNHEAEDLFYQSSLMSWNYNTNITEENVQNMNNAGDKWSAFLKEQETLAQMYPLQEIQNLTVKLQLQALM
-14.473792,-9.995635,-0.5575,0.017,STIEEQAKDFLDKFNHEAEDLFYQSSLASWNYNTNITEENVQNMNNAGDKWFAFLKEQSTLAQMYPLFEIQNLTVKLQLQALQ
8.354585,13.257211,-1.9145,0.017,STIEEQAKTFLDKFNHEAEDLFYQSSLASWKYNTNITEENVQNMNNAGDKWSEFLKEQSTLAQMYPLQEIQNLTVKLQLQALQ
9.818047,0.41325456,-1.1379,0.017,STIEEQAKTFLDKFNHEAEDLFYQSSLASWLYNTNITEENVQEMNNAGDKWSAFLKEQSTLAQMYPLQEIQNLTVKLQLQALQ
-1.432997,-16.800688,-0.1969,0.017,STIEEQAKTFLDKFNHEAEDLFYQLSLASWNYNTNITEENVQNMNNAGDKLSAFLKEQSTLAQMYPLQEIDNLTVKLQLQALQ
12.094705,7.382505,-0.0172,0.017,STIEEQAKTFLDKFNHEAEDLFYQSSLASWNYNTNITEENVQRMNNAGDKWSEFLKEQSTLAQMYPLQEIQNLTVKLQLQALQ
-17.886282,-5.7048254,-0.1368,0.017,STIEEQAKTFLDKFNHEAEDLFYQSSLASWNYNTNITEENVQNMNMAMDKKSAFMKEQSLLAQMYPLQEIQNLTVKMELQALQ
8.128127,10.406254,-0.8958,0.043,STIEEQAKTFLDKFNHEAEDLFYQSSLASWLYNTNITEENVQNMNNAGDKWSAFLKEQSTLAQMYPLQEIQNLTVKLELQALQ
-13.612659,1.985147,-0.3022,0.017,STIEEQAKTFLDKFNHEAEDLFYQSSLASWNYNTNITEENVQNENNAGDKWSAFLKEQSTLAQMYPLQEIQNLTVKLQLQALM
18.213804,-13.585291,-0.3505,0.017,SDIEEQAKTFLDKFNHEAEDLFYQSSLASWNYNTNITEENVQNMNNAGDKWSAFLKEQSTLAQMYPLQEIQNLTVKLQLWALQ
2.0005572,-18.398092,-0.0794,0.017,STIEEQAKTFLDKFNHEAEDLFYQSSLASWNYNTNITEENVQNMNNAGDKWMAFLKEQSTLAQMYPLQEIDNLTVKLQLQALQ
-0.1761613,15.01457,-0.4611,0.017,SEIEEQAKTFLDKFNHEAEDLFYQSSLASWNYNTNITEENVQNMNNAGDKWSAFLKEQSILAQMYPLQEIQNLTVKKQLQALQ
2.8812041,8.525625,-0.2068,0.017,STYEEQAKTFLDKFNHEAEDLFYQSSLASWNYNTNITEENVENMTNAGDKWSAFLKEQSTLAQMYPLQEIQNLTVKLQLQALQ
-16.41881,-4.123821,-0.545,0.017,STIEEQAKTFLDKFNHEAEDLFYQSSLASWNYNTNITEENVQNMNNAMDKWSAFLKEQSTLAQMYPLQEIQNLDVKLQLQALM
5.5713835,-8.039051,-0.339,0.017,STPEEQAKTFLDKFNHEAEDLFYQSSLASWNYNTNITEENVQNMNYADDKWSAFLKEQSTLAQMYPLQEIQNLTVKLQLQALQ
4.5940733,-18.07094,-4.0275,0.017,STIEEQAKTFLDKFLHEAEDLWYQSSLASWNYNTNITEENVQNMNNADDKWSAFLKEQSTLAQMYPLQEIQNLTVKLQLQALQ
21.212984,-13.526472,-0.5431,0.017,SDIEEQAKTFLDKFNHEAEDLFYQSSLASWNYNTNITEENVQGMNNAGDIWSHFLKEQSTLAQMYPLQEIQNLTVKLQLQALQ
3.281089,7.0847974,-0.1974,0.017,STIEEQAKTFLDKFNHEAEDLFYKSSLASWNYNTNITEENVQNMNNAGDKWSAFLKEQSTLAQMYPLDEIQNLTVKLQLQALQ
-13.925045,-13.943806,-0.5776,0.005,STIEEQAKTFLDKFNHEAEDLFYQSSLASWNYNTNITEENVQNMNFAGDKWSAFLKEQSTLAQMYPLQEIQNLNVKLQLQELQ
16.186527,-1.3307514,-0.0784,0.017,STIEEQAKTFLDKFNHEAEDLFYQSSLASWNYNTNITEENVQNMNNAGDKWSAFLKEQKTLAQMYPLQEIQNLTVKLQLDALQ
0.3589224,4.333395,-0.2532,0.017,ETIEEKAKLFLDKFNHEAEDLFYQSSLASWNYNTNITEENVGNMNNAGDKWSAFLKEQSTLAQMYPLQEIQNLTVKLQLQALQ
20.553492,-12.688533,-0.3406,0.017,SDIEEQAKTFLDKFNQEAEDLFYQSSLASWNYNTNITEENVQNMNNAGDKWSAFLKEQSTLAQMYPLQEIQNLTVKLQLQALQ
18.360456,-15.434517,-2.2,0.017,SDIEEQAKTFLDYFNHEAEDLFYQSKLASWNYNTNITEENVQNMNNAGDKWSAFLKEQSTLAQMYPLQEIQNLTVKLQLQALQ
14.476962,2.033002,-0.1352,0.017,STIEEQAKTFLDKFNHEAEDLFYQSSLASWNYNTNITEENVQNMNNAGDKWDAFLKEQSTLAQMYPLQEIQNLTVKLQLKALQ
0.32977393,17.970005,-0.732,0.017,STIEEQAKEFLDKFNHEAEDLFYQSSLASWNYNTNITEENIQNMNNAGDNWSAFLKEQSTLAQMYPLQEIQNLTVKLQLQALQ
-18.805674,-6.1634283,-0.3985,0.017,STWEEQAKTFLDKFNHEAEDLFYQSSLASWNYNTNITEENVQNMNNAMDKWSAFLKESSTMAQMYPLQEIQNLELVLQLQALQ
-14.756626,-8.583422,-0.0725,0.005,STIEEQAKTFLDKFNHEAEDLFYQWSLASWNYNTNITEENVQNMNNAGDKWHAFLKEQSTLAQMYPLQEIDNLTVKLQLQALQ
17.378431,12.567104,-0.3496,0.017,STIEEQAKTFLDKFNHDAEDLFYQSSLAEWNYNTNITEENVQNMNNAGDKWSAFLKEQSNLAQMYPLQEIQNLTVKKQLQALQ
2.4238534,-3.4603584,-1.1579,0.017,STIEEQTKTFLDKFNHEAEDLFYQSSLASWNYNTNITEENVQNMNNANDKWSAFLKEQSTLAQMYPLQEIQNLTVKLQLEALQ
-11.89771,18.314651,-0.4755,0.017,SSIEEQAKEFLDKFNHEAEDLFYQSSLASWNYNTNITEENVQNMNNAGDKWSAFQKEQSTLAQMYPLQEIQNLTVKLQLQALQ
-11.1807375,15.831358,-0.5442,0.06,STIEEQAKTFLDKFNHEAEDLFYQSSLASWFYNTNITEENVQYMNNAGDKWSAFMKEQSTLAQMYPEQEIQNLTVKLQLQALQ
19.250278,-13.280316,-0.5391,0.017,SDIEEQAKTFLDKFNHEAEDLNYQSSLASWNYNTNITEENVQNMNNAGDKWSAFLKEQSTLAQMYPLQEIQNLTVKLQLQALQ
3.3838162,-7.1020856,-1.909,0.017,STIEEQAKTFLDKFNHEAEDLFYQSSLASWNYNTNITEENVQNMNNARDKWSAFLKEQSTLAQMYPLDEIQNLTVKLQLQALQ
28.112946,7.9443374,-3.1379,0.017,STIEEQAKTFLDKFNHEAEDLFYQSSLAMWNYNTNITEENVQIMNNADDKWSAFLKEQSTLAQMYPLQEIQNLTVKLQLQALQ
-23.68715,-3.1041548,-1.7231,0.017,SDIEQQAKWFLDKFEHEAEDLFYQSSLASWNYNTNITEENVQNMNNAGDAWSAFLKEQSTLAQMYPLQEIQNLTVKLQLQALQ
-5.6949997,-14.381611,-3.6988,0.017,STIEEQAKTFLDKFNHEAEDLFYQSERASWNYNTNITEENVQEMNNADDKWSAFEKEMSTLAQMYPLQEIQNLLVKLQLQALQ
12.034551,6.521528,-1.4498,0.017,STIEEQAKTFLDKFNHEAEDLFYQSQLASWNYNTNITEENVQKMNNAGDKWSEFLKEQSTLAQMYPLQEIQNLTVKLQLQALQ
11.039629,-0.26249495,-0.5045,0.017,STIEEQAKTFLDKFNHEAEDLFYQSSLASWNYNTNITEENVQNMNEAGDKWSAFLKEQSTLAQMYPLQELQNLVVKLQLQALQ
17.797838,13.9431715,-0.5413,0.017,SRIEEQAKTFLDKFNHEAEDLFYQSSLAEWNYNTNITEENVQNMNNAGDKWSAFRKEQSTLAQMYPLQEIQNLPVKLQLQALQ
6.109251,-2.5416198,-3.2894,0.017,STIEEQAKTFLDKFNHEAEDLFYQSSLASWNYNTNITEENVQNMNEALDKWSAFLKEQSTIAQMYPLQEIQNLTVKLQLQALQ
-7.418574,-11.912676,-0.077,0.017,STIEEQAKTFLDKFNHEAEDLFYQSELASWNYNTNITEENVQNMNNAGDKWYAFLKEQSTLAQMYPLQEIQNLTVKLQLQALQ
15.085235,-7.63216,-0.2241,0.017,STIEEQAKTFLDKFNHEAEDLFYQSSLALWNYNTNITEENVQNMDNAGDKWSAFMKEAGTLAQQYPLQEIQNLTVKLQLQALQ
10.002256,-3.5879085,-0.1705,0.005,STIEEQAKTFLDKFNHEAEDLFYQSSLASWNYNTNITEENVQEYHNLGDKWSAFLKEQSTLAQMYPLQEIQNLTVKLQLQALQ
6.9965596,-15.80398,-1.2615,0.017,NTIEEQAKTFLDKFNHEAEDLFYQSSLASWNYNTNITEENVQNMNNAMDKWSAFLKEDSTLAQMYPLQEIQNLVVKLQLQALQ
19.749401,12.853651,-1.3037,0.017,STIEEQAKTFLDKFNHEAEDLFYQSSLAKWNYNTNITEENVQNMNNAGDKWSEFLKEQSTLAQMYPLQEIQNLTVKLQLQALQ
5.2015224,-9.416822,-0.5338,0.017,STIEEQAETFLDKFNHEAEDLFYQSSLASWNYNTNITEENVQNMNNADDKWSAFLKEQSTLAQMYPLQEIQNLTVKLQLQALL
-23.693548,-11.329992,-0.5888,0.017,STIEEQSKTFLDQFNHEAEDLFYQSSLASWNYNTNITEENMQNMNNAGDKWFAFLKENSTLAQMYPLQEIQNLEVKLQLQALQ
-14.564665,15.64414,-0.4549,0.043,STIEEQAKTFLDKFNHEAEDLFYQSSLASWNYNTNITEENVQNMNNAGDKWSAFLKEQSFVAQMYPLQEIQNLTVKLQLQYMQ
4.4186172,-21.61928,-0.1196,0.005,STIEEQAKTFLDKFNHEAEHLFYQSSLKSWNYNTNITEENVDNMNNAGDKWSEFLLEQLFLAQMYPLQEIQNLTVKLQLQALQ
7.699344,-0.32860905,-0.2837,0.017,STIEELAKTFLDKFNHEAEDLFYQSSLASWNYNTNITEENVQNMNSAGDKWSAFLDEQSTLAQMYPLQEIQNLTVKLQLQALQ
28.644764,4.3381433,-3.3148,0.017,STIEEQAKTFLDKFEHEAEDLFYQSSLAMWNYNTNITEENVLNMYNADDKWSAFLKEQSWLAQMYPLQEIQNLTVKLQLQALQ
-6.7110496,-16.1427,-1.6487,0.017,STIEEQAKTFLDKFNHEAEDLFYQSSLASWNYNTNITEENDQNMNNAGDKWSAFLYEMSTLAQMYPLQEIQNLTVKLQLQALQ
-22.132294,-8.50568,-0.9154,0.017,STIEEQAKTFLDKFNWEAEDLFYQSMLASWNYNTNITEENVQDMNNAGDKWSAFLKEQSTLAQMYPLQEIQNLTVKLQLQALQ
0.77630496,-11.29568,-1.7065,0.017,STIEEQAKTFLDKFNHEAEDLFYQSSLASWNYNTNITEENVQMMNNAEDKWSVFLKEQSTLAQMYPLQEIQNLTVKLQLQALQ
1.441648,-15.73302,-2.3682,0.005,STLEEQAKTFLDKFNHEAEDLFYQSSLHSWNYNTNITEENVQNMNNQEDLWGAFLKEISTLAQMYPLQEIQNLTVKLQLQALQ
-8.396038,6.3763013,-0.1284,0.017,STIEEQAKTFLDFFNHEAEDLFYQSEIASWNYNTNITEENVQNMNLAGDKWSAFLKEQSTLAQMYPLQEIQNLMVKLQLGALQ
-0.4672786,-11.3311,-1.3153,0.017,STIEEQAITFLDKFNHEAEDLFYQSSLASWNYNTNITEENVQNMNNAEDKWSAFLKEQVTLAQMYPLQEIQNLTVKLQLQALQ
-25.619423,2.4156501,-0.845,0.017,STIEEQAKTFLDKFNHEAEDLFYDMSLASWNYNTNITEENVQNMNNAGDKWSWFLKEQSTLAQMYPLQEIQNLTVKLQLQALQ
22.170738,9.858667,-0.2858,0.017,STIEEQAKNFLDKFNHEAEDLYYQSSLARWNYNTNITEENVQNMNNAGDMWSAFLKEQSTLAQMYPLQEIQNLTVKLQLQALE
-14.55724,16.750269,-1.1549,0.017,STIEEQAKFFLDKFNHEAEDLFYQSSLASWNYNTNITEENVQNMNNAIDKWSAFYKEQSTLAQMYPLQEIQNTTVKLQLQALQ
-30.382147,-0.1359415,-0.3091,0.017,SDIEEQAKRFLDKFNREAENLFYQSSLASWNFNTNITEENVQNMNNAGDKWSAFLKEQSTLAQMYPLQEIQALTVKLQLDALQ
10.418873,-11.519618,-0.1138,0.017,STIEEQAKTFLDKFNHEAEDLFYQSSLASWNYNTNITEENVQDMNVAGDKWSAFLKEKSTLAQMYPLQEIQNLTVKLQLQALQ
10.893375,-14.533944,-0.3152,0.017,NTIEEQAKTFLDKFNHEAEDLFYQSSLASWNYNTNITEENVQNQNNAGDKWSEFLKELSTLAQMYPLQEIQNLTVKLQLQALQ
3.9659119,-1.7716479,-1.0239,0.017,STIEEQAKLFLDKFVHEAEDLFYESSLASWNYNTNITEENVQNMNNAADKWSAFLKEQSTLAQMYPLQEIQNYTVKLQLQALQ
-9.901908,9.828346,-0.2081,0.017,STIEEQAKTFLDKFNHEAEDLFYQSSLASWNYNTNITEENEQNMNNAGDKWSAFMKEQSTLAQMYPLQEIQNLTVKLQLQALQ
1.3230144,-2.0575254,-1.3581,0.017,STIEEQAKQFLDKFNHEAEDKFYQSSLASWNYNTNITEENVQNMNNAYDKWSAFLDEQSTLAQMYPLQEIQNLTVKLQLQKLQ
-20.240368,-0.22060879,-0.115,0.017,ETIEEQALTFLDKFNHEAEDLFYQSSLASWNYNTNITEENVQNMNNAGDKWSAFLKEQSTLAQMYPLQEIQNWTVKLQLQALQ
-9.632285,-6.14555,-0.0564,0.017,STIEEQAKTFLDKFNHEAEDLFYQWSLASWNYNTNITEENVQNMENAGDKWSAFLMEQSTLAQMYPLQEIQNLTVKLQLQALQ
-5.8198,9.745406,-2.873,0.017,ETIEEQAKTFLDKFNHEAEDLFYQSSLASWNYNTNITEENVQNMNNAGDKWSAFLKEQSTLAQMYDLQEIQNLTVKLQLQALM
22.29457,13.582189,-0.8315,0.017,ETIEEQAKTFLDKFNHEAADLFYQESLAYWNYNTNITEENVQNMNNAGDKWQAFLKEQSTLAQMYPLQEIQNLTVKLQLQALQ
8.883376,-7.508197,-0.4876,0.017,KTIEDQAKTFLDKFNHEAEDLFYQSSLAWWNYNTNITEENVQNMNNADDKWSAFLKEQSTLAQMYPLQEIQNLTVKLQLQALQ
-20.75277,1.1930544,-0.1352,0.017,STIEEQAKAFLDKFNHEAEDLFYQSSLASWNYNTNITEENVQNMNNAGDEWSFFLKEQSTLAQMYPLQEIQNMTVKLQLQMLQ
22.750309,1.0082628,-0.7139,0.017,STIEEQAKTFLDLFNHEAEDLFYQSSLARWNYNTNITEENVQNMNNAGDAWSAFLKEQSTLAQMYPLQEIQDLTVKLQLQALQ
-5.9861035,-11.690351,-1.3653,0.017,STIEEQAKTFLDKFNHEAEDLFYQSELASWNYNTNITEENVQNMNNAGDRWSAFLKEQSTLAQMYPLQEIQNLTVKLQLQALQ
5.0853834,-15.493401,-0.3572,0.017,STIEEQAKTFLDKFNHEAEDLFYQSSLASWNYNTNITEENVQNMNNAMDDWSAFLKEQSTLAQMYPLQEIQNLTVKLQLQALQ
-5.3545146,8.130013,-1.1996,0.017,STDEEQAKYFLDKFNHEAEDLFYQSMLASWNYNTNITEENVQNKNFAGDKWSAFLKEQSTLAQMYPLQEIQKLTVKLQLQALQ
6.9353237,3.2879837,-0.7019,0.017,STIEEQAKEFLDKFNHEAEDLFYQSSLASWNYNTNITEENVQNMNNAGDKWSAFLKEQSTLAQMYPLQEILNLTVKLQLQALQ
-21.859484,-5.481608,-0.0406,0.017,STIEEQAKTFLDKFNHEAEDLFYQSSLASWNYNTNITEENVQRMNNAGDKWSMFLKEQSTLAQMYPLEEIQNLTVKLQLQALQ
-7.149862,0.3059898,-0.3364,0.017,STIEEQAKTFLDKFNHEAEDLFYQSSLASWNYNTNITEENVQNMNNAGDKWAAFLKEQSELAQMYPLQEIQNLTVKLQLQALQ
21.321518,6.9436703,-0.92,0.017,STIEEQAKTFLDKFNHEAEDLFYQSSLAEWNYNTNITEENVQNMNNAGDKWSAFLKEQSFLAQMYPLQEILNLTVKLQLQALQ
-2.0807018,-5.58618,-1.205,0.017,STIEEQAITFLDKFNHEAEDLFYQSSLASWNYNTNITEENVQNMNNAGDKWSAFLSEQSTLAQMYPLEEIQNLTVKLQLQALQ
-8.004601,4.257705,-0.264,0.017,STIEEQAKTFLDKFNHEAEDLFYMEMLASWNYNTNITEENVQNMNNAGDKWSAFLKEQSTLAQMYPLQEIQNLTVKWQLQALQ
-5.173915,-16.645391,-0.0765,0.017,ETIEEQAKTFLDKFNHEAEDLFYQSSLASWNYNTNITEENVQNMNNARDKWSAFLKETSTLAQMYPLQEIQNLAVKLQLQALQ
5.9128237,12.818522,-0.523,0.017,STIEEKAKTFLDKFNEEAEDLFYQSSLASWNYNTNITEENVQNMNNYGDKWSAFLKEQSTLAQMYPLQEIQNLTVKLQLQALQ
-6.0514803,-6.7085433,-0.024,0.017,STIEEQARTFLDKFNHEAEDLFYQISLASWNYNTNITEENEQNMNNAGDKWSAFLKEQTTLAQMYPLQEIQNLTVKLQLQALQ
1.918493,10.292117,-1.3707,0.017,STIEEQAKTFLDKFNHEAEDLFYQSSLRSWNYNTNITEENVENMNNAGDKWSAFLKEQSTLAQMYPLQEIQNLTVKLQLQALQ
17.285364,14.949904,-0.0955,0.017,STIEEQAKTFLDKFNHEAEDLFYQSSLAEWNYNTNITEENVQNMNNAGDKWSAFLKEQSTLAQMYQPQEIQNLKVKLQLQALQ
7.774355,-4.678191,-2.576,0.017,STIEEQAKTFLDKFNHEAEDLFYQSSLASWNYNTNITEENVQNMNNAKDKWSAFLKEQKTLAQMYPLDEIQNLTVKLQLQALQ
-11.866656,-3.6326501,-0.351,0.017,STIEEQAKTFLDKFNHEAEDLFYQSSLASWNYNTNITEENVQNMNNEGDKWSAFLKEQSYLAQMYPLQEIQNLTVKMQLQALQ
-17.372047,-4.3802485,-0.5512,0.005,STIEEQAKTFLDKFNHEAEDLFYQSSLAMWNYNTNITEENVQNMNNAHDKWSAFLKEQSMLAQMYPLQEMQNSDVKLQLQALQ
-1.0996599,-10.865334,-0.878,0.017,STIEEQAKTFLDKFNHEAEDLFYQSSLASWNMNTNITEENVQQMNNAEDKWSAFLKEQSTLAQMYPLQEIQNLTVKLQLQALQ
17.033276,15.302716,-1.6605,0.017,SSQEEQAKTFLDKFNHEAEDLFYQSSLARWNYNTNITEENVQNMNNAGDKWSAFKKEQSTLAQMYPLQEIQNLEVKLQLQALQ
-11.696633,-5.3828473,-0.2411,0.017,SEIEEQAKTFLDKFNHEAEDLFYQSNLASWNYNTNITEENYQNMNNAGDKWSAFLKEQSTLAQMYPLQEMQNLTVKLQLQALQ
27.385271,5.0156536,-0.7171,0.017,STIEEQSKTFLDKFNHEAEDLFYQSSLAMWNYNTNITEENVQNMRNAGDKWEAFLKEQSTLAQMYPLQEIQLLIVKLQLQALQ
-1.8733528,-7.8926516,-2.5726,0.017,STIEEQAKTFLDKFNHEAEDLFYQSSLASWNYNTNITEENVQMMNNAGDKWSAFLEEQSTLAQMYPLQEIQNLTVKLQLQKLQ
-13.165407,4.1291094,-2.5239,0.017,STIEEQAKTFLDKFNHEAEDLFYQSSLADWNYNTNITEENVQNMNNAQDKWSAFLKEQSTQAQMYPLAEIQNLTVKLQLQALM
4.5092835,6.6477733,-1.2455,0.017,STIEEQAKTFLDKFNHEAEDLFYQSSLASWKYNTNITEENVQNMENARDKWSAFLKEQSTLAQMYPLQEIQNLTVKLQLQALQ
-11.061305,3.1286786,-0.2628,0.017,STIEEQAKTFLDKFNHEAEDLFYQSSLASWNYNTNITEENVQNMNNAGDKWSAFLKEQSTLAQMYPLQEIQRLTVKLQLDALM
26.32743,8.198736,-2.0117,0.031,STIEEQAKTFLDKFNHEAEDLFYQSSLAMWNYNTNITEENVQNMNNAGDKWSAFLKEQSTLAQMYPLTEIQNLTVKLQLQALE
-15.827244,10.769404,-0.2736,0.017,STIEEQAKTFMDKFNHEAEDHFYQSSLASWNYNTNITEENVQNMNNAGDKWSAFLKEQSTLAQMYPLQEIQNLTVKLQLQALM
11.482092,8.414246,-1.0037,0.017,SEIEEQAKTFLDKFNHEAEDLFYQSSLASWNYNTNITEENVQVMNNAGDKWSAFLKEQSTLAQMYPLQEIQNLTVKLQLQALQ
-5.1002054,5.3657556,-0.578,0.017,STIEEQAKTFLDTFNHEAEDLFYQSSLASWNYNTNITEENVQFMWNAGDKWSAFLDEMSTHAQMYPLQEIQNLYVKLQLQALQ
-7.337354,5.9994636,-1.9988,0.017,STIEEQAKTFLDKFNHEAEDLFYQSRLASWNYNTNITEENVQNMNNAGDKWSAFLKEQSTVAQMYPLQEIQNLDVKLQLQMLQ
3.2666063,4.894835,-2.0495,0.017,STIEEQAKTFLDKFNHEAEDLFYQSSLASWNYNTNITEENVQNMYNKGDKWSAFLKEQSTLAQMYPLQEIQNLTVKLQLDALQ
19.551773,-16.050499,-0.2448,0.017,SDIEEQAKTFLDKFNHEAEDLFYQSSLASWNYNTNITEENVQNMNNAGDKWTAFLKEQSTLAQMYPLQEIQNLTVKLQLQALQ
9.492872,-6.135013,-0.4946,0.017,STIEEQAKTFLDKFNHEAEDLFYQSSLASWNYNTNITEENILDMNNAEDKWSAFLKYQSTLAQMYPLQEIQNLTVKLQLQALQ
-12.131572,1.8891587,-0.5177,0.043,STIEEQAKTFLDKFNHEAEDLFYQSSLASWNYNTNITEENVQNMNNAGDKWSAFLKEQSTLAQMYPLQEIQELTWKLQLQALM
21.42355,-6.378717,-0.4527,0.017,STIEEQAKEFLDKFNHEAEDLFYQSSLASWNYNTNITEENVQNMNNAGDKWSAFLKEQSTLAQMYPLQRIDNLTVKLQLQALQ
2.335315,-7.1033,-2.315,0.017,STIEEQAKTFLDKFNHEAEDLFYQSSLASWNYNTNITEENVQNMNNAVRKWSAFLKEQSTLAQMYPLDEIQNLTVKLELQALQ
-17.89607,14.400809,-0.9771,0.017,STIEEQAKTFLDKFNHEAEDNFYQSSLASWNYNTNITEENVQNMNNAGDKWSAFLKEMSTLAQMYPLQEIQNRTVKLQLQALQ
-15.77588,-2.573603,-2.1989,0.017,STIEEQAKNFLDKFNLEAEDLFYQSSLASWEYNTNITEENVINMNNAGDKWSAFLKEQPTLAQMYPLQEIQNLTVKLQLQALM
-12.888291,1.357148,-0.0664,0.017,STIEEQAKTFLDKFNHEAEDLFYQSSLASWNYNTNITEENVQNMNNAGDKWSAFLKEQSTLAQMYPLQEIQNLTVKLQLQELM
-9.573429,9.164741,-0.0693,0.017,STIEEQAKTFLDKFNHEAEDLFYQSSLASWNYNTNITEENVQNMNNAGDKWSAFMKEQSTLAQMYPLQEIQNLEVKLQLQALQ
3.0745971,-11.338976,-0.8655,0.017,STIEEQAKTFLDKFNHEAEDLFYQSSLASWNYNTNITEENVQNMENAFDKWSLFLKEQSTLAQMYPLQEIQNLTVKLQLQALQ
-9.988585,-14.00941,-0.9959,0.017,STPEEQAKTFLDKFNHEAEDLFYQSSLASWNYNTNITEENVQNMNNAGDKWEAFLKENSTLAQMYPLQEIQNLTVKLQLQALL
-6.2125773,-1.4414663,-0.1682,0.043,STIEEDAKTFLDKFNHEAEDLFYQKSLASWNYNTNITEENVQNMNNAGSKWSAFLEEQSTLAQMYPLQEIQNLTVKLQLQALQ
-23.058504,-5.3592296,-0.0551,0.017,STIEEQAEWFLDKFNHEAEDLFYQSSLASWNYNTNITEENVQNMNNAGDKWSAFLKEQSTLAQMYPLQEIQNLTVKLQLQLLQ
-12.1241665,-3.7398856,-2.4989,0.017,SEIEEQAKTFLDKFNHEAEDLFYQSSLASWNYNTNITEENVQNMNNAGDKWSAFLKEQSTLAQMYPLQEIQNLTVKMQLQALQ
-15.662007,12.528483,-0.7216,0.017,STIEEQAKTFLDKFNHEAEDLFYQSSLASWNYNTNITEENVQNMNNAGDKWSAFMKEQSTLAQMYPLQEIQNRTVKLQLQALQ
18.008633,6.413474,-1.1469,0.005,ITIEEQAKTFLDKFNHEAEDLFYQSSLAAWNYNTNITEENVQEMNNAGDKWSAFLKEQSTLAQMYPLQEIQNLTVKLQLQALQ
26.665245,9.350619,-2.576,0.017,STIEEQAKTFLDKFNDEAEDLFYQSSLAMWNYNTNITEENVQNMNNAGDKWSAFLKEQSTLAQMYPLQEIQNLTVKLQLQALQ
9.484967,-17.83589,-0.7449,0.005,SDIEEQAKTFLDKFNHEAEDLFYQSSLASHNYNTNITEENVQNMNNAGDKWSAFLKEMSTLAMMYPLQEIQNLTVKLQLQALQ
5.425822,-19.482277,-0.2348,0.043,STIEEQAKYFLDKFNHEAEDLFYQSRLASWNYNTNITEENVQNMNNKGDKWSAFLKEQSDLAQMYPLQEIQNLTVKLQLQALQ
-23.569115,1.8494956,-0.6065,0.017,SEIEEQAKMFLDKFNTEAEDLFYQSSLASWWYNTNITEENVQNMWNAGDKWSAFLKEQSTYAQMYPLQEIQNLTVKLQLGALQ
-17.289806,15.665243,-0.0516,0.017,STIEEQAKTFLDKFNHEAEDYFYQSSLASWNYNTNITEENVQNMNNAGDKWSAFLKEQSTLAQMYPLQEIQNLTVKMVLQALQ
20.569317,15.928758,-0.4004,0.017,STIEEQAKTFLDEFNHEAEDLFYQSSLKKWNYNTNITEENVQNMNNAGDKWSAFMKEQSTLAQNYPLQEIQNLTVKLQLQALQ
-8.764413,-3.8865535,-0.6619,0.017,STIEEQAKTFLDKFNHEAEDLFYQWSLYSWNYNTNITEENVQNMNNAGDKWSDFLKEQSTLAQMYPLQEIQQLIVKLQLQALQ
12.52594,3.7547557,-0.1205,0.005,STIEEQAKTFLDKFNHEAEDLFYQSSLKSWNYNTNITEENVSNMNDAGDKWSAFLKEQSFLAQMYPLQEIQNLTVKLQLQALQ
-21.283758,-6.551272,-2.7427,0.017,STIEEEAKTFLDKFNHEAEDLFYQSSLASWNYNTNITEENVQNMNNAGDKWSAFLKEQMHLAQMYPLQEIQNLTVKLQLQALQ
-18.483486,12.230453,-0.1868,0.005,STIEEQAKTFLDKFNHEAEDRFYQSSLAMWNYNTNITEENVQNMNNAGDKWSAFLKEQSTLAQMYPLQEIQNMTVKLQLQALQ
15.577054,9.431273,-0.3596,0.017,STIEEQAKTFLDKFNHEAEDLFYDSSLASFNYNTNITEENVQNMNNAFDKWSAFLKEQSTLAQMYPLQEIQNLIVKLQLQALQ
19.520483,-17.596098,-0.0402,0.017,SDIEEQAKTFLDKFNHEAEDLFYQSSLASWNYNTNITEENVQNKNNAGDKWMAFLKEQSTLAQMYPLQEIQNLTVKLILQALQ
12.143195,-7.787302,-0.022,0.017,STIEEQAKTFLDKFNHEAEDLFYQSSLHSWNYNTNITEENVQNMNNAGDKWDAFLKEQSTLAQMYPLQEIQNLTVKLQLQALQ
-22.781286,-6.4377985,-0.1729,0.017,STIEEQAKTFLDKFNHEAEDLFYQSSLASWNYNTNITEENVQNMNNMGDKWSAFLKEQSTLAQMYPLQEIQNLTVKLQLQDLQ
-12.234221,-16.34178,-0.946,0.017,STLEEQAKTFLDKFNHEAEDLFYQSSLASWNYNTNITEENVQNMNFAGDKWSAFLKEFSTLAQMYPLQEIQNLTVKLELQALQ
-1.225245,0.075796865,-0.2273,0.017,STIEEEAKIFLDKFNDEAEDLFYQSSLASWNYNTNITEENVQNMNNAGDMWSAFLKEQSTLAQMYPLQEIQNLTVKLQLQALS
-4.138055,-13.722451,-0.5169,0.005,STIEEQAKTFLDKFNHEAEDLFYQSVLASWNYNTNITEENVQNMNNAWDKWSAFLKEQSTLAQMYPLQEIQNLEVKLQLQALK
-12.755506,13.135662,-1.2315,0.017,STIEEQAKTFLDKFNHEAEDYFYQSSLASWNYNTNITEENFQNMNNAGDKWSAFLKEQSTLAQMYPLQEIQNLTVKLQLQALE
-0.547985,-14.623069,-0.4525,0.017,STIEEQAKTFLDKFNHEAEDLFYQSSLASWNYNTNITEENEQNMNMAGDMWSAFLKEQSTLAQMYPLQEIQSLTVKLQLQALQ
3.240265,-9.231692,-0.9179,0.017,STIEEQAKTFLDWFNHEAEDLFYESSLASWNYNTNITEENVTNMNNARDKWSAFLKEQSTLAQMYPLQEIQNLTVKLQLQSLQ
-5.9785223,-16.88855,-0.1494,0.017,STIEEQAKTFLDKFNHEAEDLFYQSSLASWNYNTNITEENVQNMNNAGDKWSKFLKEMSTHAQMYPLQEIQNLDVKLQLQALQ
-29.653997,-0.1242875,-0.5015,0.043,SEIEEQAKTFLDKFNHEAEDLFYQSSLASWLFNTNITEENVQNMNNAGDKWSAFLKEQSTLAQMYPLQEIQNLTVKLQLQALQ
6.6442995,6.15361,-0.2203,0.017,STIEEQAKTFLDKFNHEAEDLFYQSSLASWNYNTNITEENVQNMNEAGDKWSAFLKEQSTLAQMYPLREIQNLTVKLQLQALQ
15.099698,12.277567,-0.0502,0.017,MTIEEQAKTFLDKFNHEAEDLFYQSSLATWNYNTNITEENTQNMNEAGDKWSAFLKEQSTLAQMYPLQEIQNLTVKLQLQALQ
-7.379554,-1.1128653,-1.1649,0.017,STIEEQAKTFLDKFNHEAEDLFYQVSLASWNYNTNITEENVQNMNNAGDKWSAFLKEQSELAQMYPLQEIQNLTVKLQLQALQ
-12.211989,16.190676,-0.1878,0.017,STIEEQAKTFLDKFNHEAEDLFYQSSIASWNYNTNITEENVQSMFNAFDKWSAFLKEQSTTAQMYPLQEIQNLTVKLQLQALQ
-1.028026,17.857882,-2.1417,0.017,ETIEEQAKFFLDKFNHEAEDLFYQSSLASWNYNTNITEENEQNMNNAGDKWSAFNKEQSTLAQMYPLQEIQNLTVKLQLLALQ
-5.2913938,-12.986082,-0.7226,0.017,STIEEQAKTFLDKFNHEAEDLFYQSELASWNYNTNITEENVQNMNNAWDKWSAFLKEQSTLAQMYPLQEIQNVTVKLQLQALQ
-0.8348386,11.308659,-1.6258,0.017,STIEEQAKTFLDKFNHEAEDLFYQSSLASWNYNTNITEENVENMNNAGDKWSAFLKEQSTLAQMYPLQEIQNLTVKFQLQQLQ
20.365856,9.785972,-0.1874,0.017,STIEEQAKTFLDKFNHEAEDLFYQSSLAVWNYNTNITEENVQNMNNAGDKWSAFLKEQSTLAQMYPLQEIQNLTVKLQLQELQ
2.7190893,16.592897,-0.5539,0.017,SSIEEQAKEFLDKFNHEAEDLFYQSSLASWNYNTNITEENVQNMNNAGDKWSAFLKEQSTLAQMYPLQEIQNLTVKLQLQALQ
-2.667137,-4.1366186,-0.6185,0.017,STIEEQAKTFLDKFNHEAEDLFYQSSLASWNYNTNITEENLQNMNNAGDKWSAFLKEQSTLAQMYPLQEIQNFTVKLQLQELQ
2.541098,-13.653169,-2.4983,0.017,STIEEQAKTFLDKFNHEAEDLFYQSSLASWNYNTNITEENVENMNMAYDKWSAFLKEQSTLAQMYPLYEIQNLTVKLQLQALQ
16.351334,-11.158147,-0.3414,0.017,SDIEEIAKTFLDKFNHEAEDLFYQSSLASMNYNTNITEENVQNMMNAGDKWTAFLKEQSTLAQMYPLQEIYNLTVKLQLQALQ
4.722204,-7.6747594,-0.2082,0.017,STIEEQAKTFLDKFNHEAEDLFYQSSLASWNYNTNITEENVQNMNNADDKWSAFLKEQSTLAQMYPLVEIQNLTVKLQLQALQ
10.814256,10.155498,-1.788,0.031,STIEEQAKTFLDKFNHEAEDLFYQSSLKSWNYNTNITEENVQNMNNAGDKWSAFLKEQSDLAQMYPLQEIQNLTVKLQLQALQ
-20.397175,2.367826,-0.0336,0.017,STIEEQAKTFLDKFNHEAEDLFYQSSLASWYYNTNITEENVQEMFNAGDKWSAFLKEQSTLAQMYPLQEIQNWTVKLQLQALQ
10.116342,12.71314,-0.8041,0.017,STIEEQAKTFLDKFNHEAEDLFYQSSLASWIYNTNITEENVQNMNDAGDKWSAFFKEQSTLAQMYPLQEIQNLTVKLQLQALQ
17.574165,-4.596098,-2.1545,0.005,STIEEQAKTFLDKFDHEAEDLFYQSSLASWNYNTNITEENVQNMNNAIDKWSAFLKEQSTLAQMYPLQEIQNLTVKLQLQALQ
-0.46597812,-3.9847403,-0.5489,0.017,STIEEQAKTFLDKFNHEAEDLFYQSSLASWNYNTNITEENVQNMNNRGDKWSAFLKEQSTLAQMYPLEEIQNLTVKLQLQALQ
-13.326362,18.935184,-0.0843,0.017,STIEEQAKTFLTKFNHEAEDLFYQSSLAKWNYNTNITEENVQNWNNAEDKWSAFLKEQSTLAQMYPLQEIQNTHVKRQLQALQ
12.377991,7.675519,-0.777,0.017,DTIEEQAKTFLDKFNHEAEDLFYQSSLASWNYNTNITEENVQLMNNAGDKWSAFLKEQSTLAQMYPLQEIQNFTVKLQLQALQ
-22.221346,-1.1180716,-3.1325,0.017,SDIEEQAGEFLDKFNHEAEDLFYQSSLHSWNYNTNITEENVQNMNNAGDKWKAFLKEQSTLAYMYPLQEIQNWTVKLQLQALQ
-10.94921,13.42634,-0.6928,0.017,STIEEQAKTFLDKFNHEAEDLFYQSSFASWNYNTNITEENVQNMVNAEDKWSAFLKEQSTLAQMYPLQEIQNLTVKLQLQALQ
19.988459,-3.9701138,-0.2751,0.017,STIEEQAKDFLDKFNHEAEDLFYQSSLQSWNYNTNITEENAQNMINAGDKWSAFLKEQSTLAQMYPLHEIQNLTVKLQLQALQ
-9.114401,-11.002974,-0.9102,0.017,STIEEQAKTFLDKFNHEAEDLFYQSSLASWNYNTNITEENVQNMNNAGDKWTAFLKEQSTLAQMYPLQEIQNLEVKLQLQALQ
-25.979961,6.3672423,-0.6185,0.017,STIEEQATTFLDKFNHEAEDLFYQSSLASWNYNTNITEENVQNMNNAQDKWSAFSKEQSTLAQMYPLEEIQNLTVKLMLQALQ
7.6416345,16.933891,-1.612,0.043,STIEEQAKIFLDKFNHEAEDLFYISSLASWNYNTNITEENEFNMNNAGDKWSAFLKEQSTLAQAYPLQEIQNLTVKLQLQALQ
28.592318,4.642501,-0.1101,0.017,SWIEEQAKLFLDKFNHEAEDLFYQSSLAMWNYNTNITEENVQNMNTADDKWSAFLKEQSTLAQMYPLQEIQNLTVKLSLQALQ
20.73088,-11.045661,-1.265,0.017,SDIEEQAKVFLDKFNHEAEDLFYQSSLASAWYNTNITEENVQNMNYAGDKWSAFLKEQSTLAQMYPLQEIQNLTVKLQLQALQ
5.5823607,-12.286473,-0.9554,0.017,LTIEEQAKFALDKFNHEAEDLFYQSSLASWNYNTNITEENVQNMNNAEDKWSAFLKEQSTLAQMYPLQEIQNLTVKLQLQALQ
-18.981628,10.422196,-0.0911,0.043,STIEERAKTFLDMFNHEAEDLFYQSSLASWNYNTNITEENVQNMNNAGDKWSAFLKEQSTLAQMYPRQEIQNWTVKLQLQALQ
8.721,0.23251468,-0.4232,0.017,STIEEQAKTFLDKFNHEAEDLFYQSSLASWNYNTNITEENVQNMNDAGDKWSAFLKEQSTLAQMYPLQEIQNLLVKLQLQALQ
19.876535,4.491006,-0.6453,0.017,SQIEEQAKTFLDKFNHEAEDLFYQSSLALWNYNTNITEENVQDMNNAGDWWSAFLKEQSTLAQMYPLQEIQNLTVKLQLQALQ
5.8248763,0.02400422,-2.788,0.017,STIEEQAKTFLDKFNHEAEDLFYQSSLASWNYNTNITEENSQNMLNAKDKWSAFLKEQSTLAQMYPLQEIQNLTVKLELQALQ
2.8659096,13.623174,-0.2125,0.06,STIEEQAKYFLDKFNHEAEDLFYESSLASWNYNTNITEENVQNMNNAGDKWSAFLKEQSTLAQMYPLQEIQNLTVKLQLAALQ
-13.644513,17.08419,-2.2702,0.017,STIEEQAKTFLDKFNHEADDLFYQSSLASWNYNTNITEENVQNMNNAGDKWSAFLKEQSTIAQMYPLQEIQNFTVKLQLQALQ
9.760919,2.0261939,-0.5372,0.017,STIEEQAKTFLDKFNHEAEDLFYQSSLASWNYNTNITEENSQNMNLAGDKWSAFLKEQSELAQMYPLQEIQNLTVKLQLQALQ
-24.575802,7.3771214,-0.0192,0.017,STIEEQAYIFLDKFNHEAEDMFYQSSLASWNYNTNITEENVQNMNNAGDKWSAFLKEQSTLAQMYPLQEIQNLTVKLQLEALQ
-13.783479,17.444862,-0.0665,0.017,STIEEQAKTFLDKFNHEAEDIFYQSSLASWNYNTNITEENVQNMNNAGDKWSAFLKEQSTLAQMYPPQEIQNLTVKLQLQALQ
19.67951,-14.345546,-0.1247,0.017,SDIEEQAKTFLDKFNHEAEDLFYQSSLASWNYNTNITEENVQNMNNAGDKWSAFLKEQSTLAQMYPLQEIQNLTVKLQLQYLQ
-20.251083,14.212176,-0.5706,0.017,SYIEEQAKTFLDKFNHEAEDMFYQSSRASWNYNTNITEENVQNMNNKGDKWSAFLKEQSELAQMYPLQEIQNLTVKLQLQALQ
-0.28144348,19.279114,-0.1773,0.005,STIEEQAKFFLDKFNHEAEDLFYQSSLASWNYNTNITEENIQNRNNAGDKWSAFLKEQSQLAQMYPLQEIQNLEVKLQLQALQ
-12.946371,1.5757555,-1.0437,0.017,STIEEQAKTFLDKFNHEAEDLFYQSSLASWNANTNITEENVQNMNNAGDKWSAFLDEQSTLAQMYPLQEIQNLTVKLQLQILM
2.9508076,-12.317317,-0.5279,0.017,SLIEEQAKTFLDKFNHEAEDLFYQSSLASWNYNTNITEENVQNMNNAEDKWSAFLKEQSTLAQMYPLQEIQNLTVKLQLQALQ
-8.141186,-3.0940545,-0.9131,0.017,STIEEQAKTFLDKFNHEAEDLFYQLSLASWNYNTNITEENVQNMNDAGDKWSAFLKEQSTLAQMYPLQEIQNLTVKLQLQALQ
1.3569849,6.266394,-0.4098,0.017,STIEEQAKTFLDKFNHEAEDLFYQSSLASMNYNTNITEENVENMNNAGDKWSAFLKEQSSLAQMYPLQEIQNLTVKLQLQALQ
20.176884,-14.354862,-0.4952,0.017,SDIEEQAKTFLDKFNHEAEDLFYQSSLASWNYNTNITEENVQNMNNAGDKWSAFLKEQSILAVMYPLQEIQNLTVKLQLQALQ
19.151913,-11.946501,-0.9687,0.017,SDIEEQAKTFLDKFNHEAEDLFYQSSLASWNYNTNITEENVNLMNNAGDKWSAFLKEQSTLAQMYPSQEIQNLTVKLQLQHLQ
-24.223255,-6.7113347,-2.5406,0.017,STPEEQAKMFLDKFNHEAEDLFYQSSLASWNYNTNITEENYQNMNNAGDKWSAFLKEQSTLAQMYPLQEIQNLTVKLQLQELQ
-8.243714,-0.39984918,-2.7425,0.017,STIEEQAKTFLDKFNHEAEDLFYQSSLASWNYNTNITEENVQNMNNAGDKWSAFLFEQSELAQMYPLQEIQNLKVKLQLQALQ
8.714106,8.036846,-0.9083,0.017,STIEEQAKTFLDKFNHEAEDLFYQSSLASWNYNTNITEENVKNMNNAGDTWKAFLKEQSTLAQMYPLQEIQNLQVKLQLEALQ
-19.505281,0.7145147,-0.2618,0.017,STYEEQAKTFLDKFNHEAEDLFYQSSLASWNYNTNITEENEQNMNNAGDKWSAFLKEFSTLAQMYPLQEIQNWTVKLQLQALQ
5.5202403,2.104024,-0.3866,0.043,STIEEQAKTFLDKFNHEAEDLFYQSSLASWNYNTNITEENVQNMNNAGDKWSAFLKEQSTLAQMYPLEEIQNLTVKLQLLALQ
4.016389,17.130814,-1.0788,0.017,STIEEQAKEFLDKFNHEAEDLFYQSSLASWNYNTNITEENVQNMNNKGDKWSAFLKEQSTLAQMYPLKEIQNLTVKLQLQALQ
-2.9963582,7.3258395,-2.0189,0.017,LTIEEQAKEFLDRFYHEAEDLFYQFSLASWRYNTNITEENVQNMNEAGDKWSAFLKEQSTLAQMYPLQEIQNLTVKLQLQALQ
4.5689497,-3.49404,-0.5137,0.005,STIEEQAKYFLDKFNHEAEDLKYQSSLASWNYNTNITEENVQNMNNANDKWSAFLKEQSTLAEMYPLQEIQNLTVKLQLQALQ
-0.92342496,7.415169,-0.3564,0.017,STIEEQAKTFLDKFNHEAEDLFYQSSLASWNFNTNITEENVQEMKNAGDKWSAFLKEQSTLAQMYPLQEIQNLTVKLQLQALQ
2.4699085,0.62416,-0.3705,0.017,STIEEQAKTFLDKFNHEAEDLYYQSSLASWNYNTNITEENVQNDKQAGDKWSAFLFEQSTLAQMYPLQEIQNLTVKLMLQALA
-19.53937,10.239785,-1.0358,0.017,STIEEQAKTFLDKFNHEAEDLFYWSSLASWNYNTNITEENVQNMNNAGDKWSAFRKEQSTLAQMYPLQEIQNWTVKLQLQALQ
7.8428097,4.6331115,-0.0899,0.017,STIEEQAKEFLDKFNHEAEDLFYQSSLASWNYNTNITEENVQNMNEAGDKWSAFLKEQSTLAQMYPLQEIQNLTVKLQLQALQ
-10.6533375,-1.7406281,-0.3726,0.017,STIEEQAKTFLDKFNHEAEDLFYQSSLASWNYNTNITEENVENMNNAGDKWIAFLKEQSTLAQMYPLQEIQNLTVKMQLKALQ
-21.073793,-3.3942254,-0.4022,0.017,SHIEEQAKWFLDKFDHEAEDLFYQSSLASWNYNTNITEENVQNMNNAGDKWSAFLKEQSTLAQMYPLKEIQNLTVKLQLQALQ
-14.677277,18.914782,-1.2937,0.017,STIEEQAKEFLDKFNHEAEDFRYQSSLANWNYNTNITEENVQNMNNAGDKWSAFLKEQSTLAQMYPSQEIQNLTVKLQLLALQ
21.68016,-4.1153636,-0.6703,0.005,STIEEQAKDFLDKFNHEAEDLFYQSRLASWIYNTNITEENVQNMNNAGDKWSAFLKEQSTLAQYYPLQEIQNLTVKLQLQALQ
11.087439,-11.877836,-1.3037,0.017,STIEEQAKTFLDKFNHEAEDLFYQSSLASWNYNTNITEENVQNMDNAGDKWSAFLKEISTLAQMYPLQEIQNLTVKLQLQALQ
7.2829814,12.969775,-0.8284,0.017,STIEEQAKTFLDKFNHEAEDLFYQSSLASWNYNTNITEENVENMNNAGDKWSAFLKEQSTLAQMYPLQEIQFLTVKLQLQALQ
20.206173,-5.005766,-0.2694,0.017,STIEEQAKDFLDKFNHEAEDLFYQSSLASWNYNTNITEENIQNMNNAGDKWSAFLKEQSTLAQMYPLQEIQNLTVKLQLQALQ
24.593983,11.889068,-0.6017,0.017,STIEEQAKTFLDKFDHEAEDLFYQWSLEVWNYNTNITEENVQNMNNAGDKWSAFLKEQSTLAQMYPLQEIQNLTVKLQLQALQ
14.208198,-12.991531,-0.1169,0.017,STIEEQAKTFLDKFNHEAEDLFYQSSLALWNYNTNITEENVQNMNNAGDKWSAFLKEDSTLAQMYPLQEIQKLTVKLQLQALQ
-14.287973,-1.8368975,-0.9404,0.017,STIEEQAKTFLDKFNHEAEDLFYQSSLASWNYNTNITEENVQNLNNAGDEWSAFLEEQSTLAQMYPLQYIQNLTVKLQLQALM
-5.651503,-8.404427,-0.5976,0.017,STIEEQAEVFLDKFNHEAEDLFYQSSLASWNYNTNITEENVQNMNNAGDKWSAFLHEQSTLAQMYPLQEIQNLKVKLQLQALQ
13.156891,-16.08265,-0.7581,0.017,STIEEQAKTFLDKFEHEAEDLFYKWLLASWNYNTNITEENVQNMNNAGDKWSAFLSEDSTLAQMYPLQEIQNLTVKLQLQALQ
13.925119,-15.707619,-0.273,0.017,STIEEQAKTFLDKFNHEAEDLFYQSSLASWNYNTNITEENVQNMNNAGDKWSAFLKEMSTLAQDYPLQEIQNLTVKLQLQALQ
-8.015639,6.521558,-0.0355,0.017,STIEEQAKTFLDKFNHEAEDLFYQSVLASWNYNTNITEENVQNMNNAGDKWSAFLKEQSELAQMYPLQEIQNLMVKLQLQALQ
5.7533345,-13.00911,-0.3795,0.005,ETIEEQAKTFLDKFNHEAEDLFYQSSLASWNYNTNITEENVQNMNNALDKWSAFLKEQSTLAWMYPLQEIQNLTVKLQLQALQ
10.976249,1.0280428,-1.6193,0.017,STIEEQAKTFLDKFEHEAEDLFYQSSLASWLYNTNITEENVLNMNNAGDKWSAFLKEQSTLAQMYPLQEIQNLTVKLQLQALQ
-10.293843,-17.794312,-2.0975,0.017,STIEEQAETFLDKFNHEAEDLFYQSSLASWNYNTNITEENVQNMNNAGDKWSAFLKELSTLAQMYPLQEIQNLTVKLQLQALQ
-15.374848,3.2692177,-2.3995,0.017,STIEEQAKTFLDKFNHEAEDLFYQSSMASWEYNTNITEENVQNMNNAGDKWSAFLKEQSTLAQMYPLQEIQNLTVKLTLQALR
8.068706,6.5066123,-0.5082,0.017,STIEEQAKTFLDKFNHEAEDLFYQSSLASWNYNTNITEENVQNMNEAGDKWKAFLKEQSTLAQMYPLQEIQNLTVKLQLQALQ
-3.8010564,-6.392796,-0.5576,0.017,STIEEQAKTFLDKFNHEAEDLFYQSSLASWNYNTNITEENVQNMNRAGDKWSAFLEEQSTLAQMYPLQEIQNLTVKLQLQALQ
4.682111,-18.257366,-0.4644,0.017,STIEEQAKTFLDKFNHEAEDLFYQSSLASWNYNTNITEENVQNMNNAMDKWSAFLKEQSTLAQMYDLQEIQNLTVKLQLQALQ
-8.95754,-19.965832,-1.0641,0.017,STIEEQAKTFLDKFNHEAEDLFYQSSLASWNYNTNITEENVQNMNRAGDKWSAFLKEISTLAQMYPLQEIENLTVKLQLQALQ
15.80777,-15.707606,-2.6956,0.017,SDIEEQAKTFLDKFNHEAEDLFYQSSLASWNYNTNITEENVQNMNNAGDKWSAFLKENSTLAQMYPLQEIQNLTVKLQLQALQ
23.524601,4.8805017,-0.4687,0.017,STIEEQAKLFLDKFNHEAEDLFYQSLLAVWNYNTNITEENVQNMNNAGDKWDAFLKEQGTLAQMYPLQEIQSLTVKLQLQALQ
-28.356552,-0.11327244,-0.393,0.017,STIEEQAKTFLDKFNHEAEDLFYDSSLASWNFNTNITEENVQNMNNAGDKWSAFLKEQSMLAQMYPLQEIQNLLVKLQLQALQ
3.8414774,-12.80455,-0.6195,0.017,STIEEQAKTFLDKFNHEAEDLFYQSSLASWNYNTNITEENVQNMLNADDKWSAFLKEQSTLALMYPLQEIQNLTVKLQLQALQ
17.029667,4.004173,-1.0895,0.017,WTIEEQAKTFLEKFNHEAEDLFYQSDLASWMYNTNITEENVQNMNNAGDKWRAFLKEQSTLAQMYPLQEIQNLTVKLQLQALQ
22.46641,7.597604,-1.051,0.017,STIEEQAKTFLAKFNHEAEDLFYQSSLAEWNYNTNITEENVQNMNNAGDKWSAFLKEQSTLAQMYPLQEIQNLDVKLQLQALQ
23.953646,8.622433,-2.2224,0.017,STIEEQAKTFLDKFNHEAEDLFYQSSLAEWSYNTNITEENVQNMNNAGDKWSAFLKEQRTLAQMYPLQEIQNLNVKLQLQALQ
-26.024202,-2.381655,-2.2296,0.017,SDIEEQAWTFLDMFNHEAEDLFYQSSLASWNYNTNITEENVQNMNNAGDKWSAFLKEQSTLAQMYPLQEIQNLTVKLQLQALQ
-1.8030305,-4.8050933,-0.4193,0.017,STIEEQAKTFLDKFNHEAEDLFYQSSLASWNYNTNITEENVQNMNNAGDKWSAFLKEQSTLAQMYPLYEIQNLEVKLQLQALQ
10.40077,-10.083738,-1.6512,0.017,STIEEQAKTFLDKFNHEAEDLFYQSSLASWNYNTNITEENVQDMNNASDKWSAFLKEQSTLAQMYPLQEIQNLTVKLQLQALQ
-5.1691995,3.0546572,-2.2325,0.017,STIEEQAKYFLDKFNHEMEDLFYQESLASWNYNTNITEENVQNMNNAGDKWSAFLKEQSTLAQMYPLQEIQNLTVKLQLQALQ
-21.663765,-7.2315397,-0.4141,0.017,STIEEQAKTFLDKFNHEAEDLFYQSSLASWNYNTNITEENDQNMNQAGDKWSAFLKEQMTLAQMYPLQEIQNLTVKLQLQALQ
6.943809,-14.598739,-0.9799,0.005,DTIEEQAKTFLDKFNHEAEDLFYQSSLASWNYNTNITEENVQNMNNAWDKWSAFLKEQSTLAQMYPLQEIQNLTVKLQLQALQ
-24.97693,-8.252263,-0.8741,0.017,STIEEQAKTFLDKFNHEAEDLFYQSSLMSWNYNTNITEENEQNMNNAGDKWSAFLKEQSTLAQMYPLQEIQNLTIKLQLQALQ
21.539694,-1.2128899,-0.5638,0.005,STIEEQAKDFLDKFNHEAEDLFYQSSLLWWNYNTNITEENVQSMNNAGDKWSAFLKEQSTLAQMYPLQEIQMLTVKLQLQALQ
-7.6510854,20.03958,-0.5021,0.017,STIEEQAKEFLDKFNHEAEDKFYQSSLASWNYNTNITEENEVNMNNAGDKWSAFLKEASTLAQMYPLQEIQNLTVKLQLKALQ
-9.27447,-11.707283,-0.8081,0.017,STIEEQAKTFLDKFFHEAEDLFYQSSLASWNYNTNITEENEQNMNNAGDKWNAFLKEQSTLAQMYPLQEIQNLTVKLQLQALQ
29.168291,10.116096,-0.2873,0.017,STIEEQAKWFLDKFNHEAEDLFYQSDLAKWNYNTNITEENVQNMNNAGDKWSAFLKEKSTLAQMYPLQEIQNLTVKLQLQALQ
29.153017,5.991261,-0.0438,0.017,STIEEQAKMFLDKFNHEAEDLFYQSSLAMWNYNTNITEENVQNMNNAGDKWSAYLKEQATLAQMYPLQEIENLYVKLQLQALQ
1.5619252,-5.8856263,-0.7995,0.017,STIEEQAKTFLDKFNHEAEDLFYQSSLASWNYNTNITEENVQNANNAGDKWSAFLKEQSTLAQMYPLDEIQNLTVKLMLQALQ
-20.95708,-3.1534882,-3.1707,0.017,STWEEQAKHFLDKFNHEAEDLFYQSSLASWNYNTNITEENVQNMNEAGDKWSAFLKEQSTLAQLYPPQEIQNLTVKLQLQALQ
5.2169724,-5.067755,-0.2448,0.017,STIEEQAKTFLDKFNHEAEDLFYQSSLASWNYNTNITEENVENMNNATDKWSAFLKEQSTLAQMYPLQEIQNLTVKLQLQALQ
5.7039247,8.858775,-1.5982,0.005,STIEEQAKTFLDKFNHEAEDLFYQSSLASWNYNTNITEENEQNMHNAGDKWSAFLKEQSTLAQMYPLQEIQNLTVKLQLQALQ
-22.850405,-11.427714,-0.6627,0.043,STIEEQAKTFLDKFNHEAEDLFYQSSLASWNYNTNITEENVQNMNNAEDKWWFFLKEQSTLAQMYPLQEIQALTVKLQLQTLQ
-10.212149,-12.568484,-0.4857,0.017,STIEEQAKTFLDKFNHEAEDLFYQSSLASWNYNTNITEENVQNMNNAGDKWEAFLKEQSTLAQMYPLQEIQNLTVKLQLQALA
-7.805657,-17.518389,-0.6902,0.017,STIEEQAKTFLDKFNHEAEDLFYKSSLASWYYNTNITEENVQNMTNAGDKWSAFLKELSTLAQMYPLQEIQNLTVKLQLQDLQ
-24.579453,7.316861,-1.3587,0.043,STIEEQARTFLDKFNHEAEDMFYQSSLASWNYNTNITEENVQNMNNAGDKWSAFLKEQSTLAQMYPLQEIQNLEVKLQLQALQ
-24.914778,-1.0848358,-0.2896,0.017,STIEEQAKTFLDKFNHEAEDLFYQSSLASWNYNTNITEENVQNMNNAGDKWSAFLKEDSTLAQMYPLQEIQNLTVKFMLQALQ
-24.008905,-2.685078,-1.7842,0.017,SDIEEQAKWFLDKFNHEAEDLFYQSSLASWNYNTNITEENVQNMNNAGDKWSAFLKEQSTLAQMYPLQEIQNLTVKLQLQALQ
6.9716587,15.023022,-1.2355,0.048,STIEEQAKTFLDKFNHEAEDLFYQSSLDSWRYNTNITEENEQNMNNAGDKWSAFLKEQSTLAQMYPLQEIQNLTVKLQLQALQ
19.533867,8.062287,-0.3202,0.017,STIEEQAKEFLDKFNHEAEDLFYQSSLAHWNYNTNITEENVQNMNNAGDKWSAFLKEQSTLAQMYPLQEIQNLTVKLQLQALQ
-17.130093,10.723654,-0.8571,0.017,STIEEQAKTFLDKFNHEAEDLFYQSSLASWNYNTNITEENVQNMNNAGDKWSAFLKEQSTMAQMYPLQEIQNLTVKMQLQALQ
2.3808217,-11.551485,-0.9641,0.017,STIEEQAKTFLDLFNHEAEDLFYQSSLASWNYNTNITEENVQNMSWEVDKWSAFLKEQKTLAQMYPLQEIQNLTVRLQLQALQ
-12.918612,-0.100783326,-0.869,0.017,STIEEQAKTFLDKFNHEAEDLFYQSSEASWNYNTNITEENLDNMNNAGDNWSAFLWEQSTLAQMYPLQEIQNLTVKLQLQALM
-19.941538,-8.470583,-1.8471,0.017,STIEEQAWLFLDKFDHEAEDLFYQSALASWNYNTNITEENVQNMNTAGDKWSAFLKEQSTLAQMYPLQEIQNLTVKLQLQALQ
5.736937,-16.467714,-0.641,0.017,STIEEQAKTFLDKFNHEAEDLFYQSSLASWNYNTNITEENVQNMNDAWDKWSAFLKEQSTLAQMYPLQEIQNLTVKLQLQALQ
-9.572906,14.6478,-0.2201,0.017,STIEEQAKTFLDKFNHEAEDLFYQSSLASWNYNTNITEENFQNMNNATDKWSAFLKEQSTLAQMYPLQEIQNDTVKLQLQALQ
-12.468494,14.846,-1.5958,0.043,STIEEQAKTFLDKFNHEAEDLFYQSFLASWIYNTNITEENVQNMNNAGDKWSAFLKEQSTLAQMYPLQEIQNHEVKFQLQALQ
-7.6906056,9.521926,-2.6626,0.017,STIEEQAKTFLDKFNDEAEDLFYQSSLASWNYNTNITEENVQNMNNAGDKWSAFLKEQSRLAQMYPLQEIQNLMVKLQLQALQ
-8.458676,12.551391,-0.6561,0.017,STIEEQAITFLDKFNHEAEDLFYQSSLASWNYNTNITEENVQNMNNANDKWSAFLKEQSTLAQMYPLQEIQNDTVKLQLQALQ
3.8457022,-2.5114996,-0.1028,0.017,STIEEQAKTFLDKFEHEAEDLFYQSSLASWNYNTNITEENVQNMNNARDKWSAFLKEQSTLAQMYPLQEIQNLTVKLQLQALQ
-12.564737,7.168506,-4.5902,0.017,STIEEQAKEFLDKFNHEAEDLFYQSSLASWNYNTNITEENVQNMNNAGDKWSFFLKEQSTLAQMYPLQEIQNLTVKLQLMALQ
-10.729903,-10.344299,-0.009,0.017,STIEEQAKTFLDKFNEEAEDLFYKSSLASWNYNTNITEENVQNMNMAGDKWNAFLKEQSTLAQMYPLQEIQNLTVKLQLQALQ
23.292196,-0.22762601,-0.1121,0.017,STIEEQAKTFLDKFNHEAEDLFYQSSLANMNYNTNITEENVRNMNNAGDKWSAFLKEQSTLAQMYPLQEIQDLTVKLQLQALQ
19.224745,-6.576773,-0.7415,0.017,STIEEQAKDFLDKFNHEAEDLFYQSSLASWNYNTNITEENVQNMNNANDKWSAFLKEQSTLAQMYPLQEIQNLTVKLQLQALQ
-5.61766,-4.558241,-1.391,0.005,NTIEEQAETFLDKFNHEAEDLFYQSSLKSWNYNTNITEENVQNMNNAGDKWSAFLKEQSTLAQMYPLQEIQNLTVKLQLQALQ
14.424341,5.5994377,-1.3307,0.005,STIEEQAKTFLDKFNHEAEDLFYQSSLASWNYNTNITEENVQNMNNAGDKWSKFLKEQSEMAQMYPLQEIQNLTVKLQLQALQ
3.839033,-8.2039175,-1.2711,0.017,STIEEQAKTFLDKFNHEAEDLFYQSSLASWNYNTNITEENVTNMNNAEDKWSAFLIEQSTLAQMYPLQEIQNLTVKLQLQALQ
-28.289001,-2.459389,-0.8121,0.017,SDIEEQAKTFLDKFNHEAEDLFYQSFLASWRYNTNITEENVQNMNNAGDKWSAFLMEQSTLAQMYPLQEIQNLTVKLQLQALQ
16.7862,8.688259,-0.0894,0.017,STIEEQAKTFLDKFNHEAEDLFYQSSLAFWNYNTNITEENVQNMNNEGDKWSAFLKEQSTLAQMYPLQEIQNLTVQLQLQALQ
-3.3535347,-11.375894,-2.9869,0.017,SEIEEQAKTFLDKFNHEAEDLFYQSSLASWNYNTNITEENVQNMNNANDKWSPFLKWQSTLAQMYPLQEIQNLPVKRQLQALE
-8.543418,1.6558957,-1.4235,0.017,SFIEEQARTFLDKFNEEAEDLFYQSSLASWNYNTNITEENVQNMNLAGDKWKAFLKEQSTLASMYPLQEIQNLTVKLQLQALQ
1.3295066,3.4980373,-0.0336,0.017,DTIEEQAKIFLDKFNHEAEDLFYQLSLASWRYNTNITEENVHNMNNAGDKWSAFLKEQSTLAQMYPLQEIQNLTVKLQLQALQ
12.27543,-3.1374736,-0.7514,0.005,STIEEQAKTFLDLFNHEAEDLFYHSSLASWNYNTNITEENVQMMNNAGDKWSAFLKEQSKLAQMYPLQEIQNLTVKLQLQELQ
10.049458,-0.29844767,-0.9843,0.017,SPIEEQAKLFLDKFNHEAEDLFYQSSLASWYYNTNITEENVQNMNNAGDKWSAFLKEQSTLAQMYPLQEIQELTVKLQLQALQ
16.710247,-5.176116,-2.9989,0.017,STIEEQAKTFLDKFNHEAEDLFYQSSLASWNYNTNITEENVQNMNNALDKWSAFLKEQSTLAQMYPLQEIQNLTVKDQLQALQ
6.923656,10.835714,-0.5866,0.017,STIEEQAKTFLDKFNHEAEDLFYQSSLASWNYNTNITEENVQNMNNAGDKWSAFLKEQSTLAQMYPLQEIQNLQVKLELQALQ
15.588427,-8.430801,-2.3808,0.043,STIEEQAKYFLDKFNHEAEDLFYQSSLASWRYNTNITEENVQNMDNAGDKWSAFLKEQSTLAQMYPLQEIQNLTVKLQLMALQ
-7.6278944,-6.3960705,-1.9081,0.017,STIEEQAKTFLDKFNHEAEDLFYQQSLKSWNYNTNITEENVQNMNNAGDEWSAFLKEQSTLAQMYPLQEIQNLTVKLQLQALQ
-7.8090386,12.166656,-0.7443,0.017,SYIEEQAKTFLDKFNHEAEDIFYQSSLYSWNYNTNITEENVQNMNNAGDKWSAFLKEQSTLAQMYPLQEIQNLTVKLQLDALQ
6.623582,-9.907637,-1.508,0.005,STIEEQAKTFLDKFNHEAEDLRYQSSLASWNYNTNITEENVQNMNNDLDKWSAFLKEQSTLAQMYPLQEIQNLTVKLQLHALQ
-0.8663854,-6.186451,-0.1557,0.005,STIEEQAKTFLDWFNHEAEDLFYQSSLASWNYNTNITEENVQNMNNAGDKWSAFLKEQSTLAQMYPLQEIQNLPVKLQLQDLQ
-12.797715,-18.477594,-1.3754,0.017,SSIEEQAKTFLDKFNHEAEDLFYQSSLASWEINTNITEENVQNMFNAGDKWSAFLKEMSTLAQMYPLQEIQNLTVKRQLQALQ
-8.188158,12.693353,-0.2563,0.017,STIEEQAKIFLDKFNHTAEDLFYQSSLASWNYNTNITEENVQNMNNAGDKWSAFLEEQSTLAQMYPLQEIQNDTVKLQLQALQ
-17.295536,12.1590605,-0.7102,0.043,STIEEQAKTFLDKFNHEAEDLFYQSSLAAWNYNTNITEENVQNMNNAKDKWSWFLKEQSTFAQMYPLQEIQNLTVKLQMQALQ
27.302765,7.3106494,-1.4943,0.017,STIEEQAKTFLDKFNHEAEDLFYQSSLAEWNYNTNITEENVQNMNNMGDKWSAFLKEQSTLAQMYPLQEIQNLTVKLQLQALQ
-4.2209334,-20.210024,-0.1149,0.017,STIEEQADTFLDKFNHEAEDLFYQMSLASWNYNTNITEENVQNMNNAGDKWSAFLKERSTLAQMYPLQEIQNLTVKLQLQALQ
-7.55139,-9.685246,-1.0894,0.017,STIEEQAKFFLDKFNHEAEDLFYQSSLASWNYNTNITEENVQNMNNAGDKWHAFLKEQSTLAQMYPLQEIQNLTVKLQLDALQ
19.881214,-4.3881884,-0.1648,0.017,STIEEQAKDFLDKFNHEAEDLFYQSSLASWNYNTNITEENQQNMNNAGDKWSAFLKEQSTLAQMYPLQEIQHLTVKLQLQALQ
-24.106735,2.731879,-0.1417,0.017,SEIEEQAKMFLDKFNHEAEDLFYQVSLASWNYNTNITEENVQNMNNAGDKWSAFVKEQSTLAQMYPLQEIQNLTVKLQLQALQ
-2.495021,-1.6107273,-0.1305,0.017,STIEEMAKTFLDKFNHEAEDLFYQSSLASWNYNTNITEENVQNMNNYGDKWSAFLKEQSTLAQMYPLQEIQELTVKLQLQALQ
0.106590964,-8.1478195,-0.0826,0.017,STIEEQAKTFLDKFNHEAEDLFYQSSLASWNYNTNITEENVQEMNNAGDKWSAFLKEQSTLAQMYPLMEIQNLTVKLQLQALQ
-20.31738,9.687185,-0.7771,0.017,STIEEQAKTFLDKFNHEAEDLFYQSSRASWNYNTNITEENVQNMNNAGDKWSAFLKEQSTLAQMYPLQEIQNWTVKLQLWALQ
22.024124,3.3637228,-0.666,0.017,STIEEQAKTFLDKFNHEAEDLFYQSSLAVWNYNTNITEENVQNMNNAGDKWSKFLKEQSTLAQMYPLQEIQNLLPKLILQALE
-3.2444866,5.657688,-0.4188,0.043,STIEEQAKTFLDKFNHEAEDLFYQFSLASWNYNTNITEENVQNMNNAGDKWSAFLKEQSTLAQMYPLQEIQNLDVKLQLQALQ
10.590751,2.816323,-0.2375,0.017,STIEEQAKRFLDKFNHEAEDLFYQSSLASWNYNTNITEENSQDMNIAGDKWLAFLKEQSTLAQMYPLQEIQNLTVKLQLQALQ
-4.2304473,-1.4782338,-3.6821,0.017,STIEEMAKTFLDKFNHEAEDLFYYDSLASWNYNTNITEENVQNMNNAGDKWSAFLKEQSTLAQMYPLQEIQNLTVKLQLQALQ
19.737242,12.570715,-1.0522,0.017,STIEEQAKTFLDKFNHEAEDLFYQSSLADWAYNTNITEENVQNMNNAGDKWSAFLKEQKTLAQMYPLQEIQNLTVKLQLQALQ
-2.8095627,-6.778764,-0.6458,0.017,STYEEQAKTFLDKFNHEAEDLFYQSSLASWNYNTNITEENVQNMNEAGDKWSAFLYEQSTLAQMYPLQEIQNLTVKLQLQALQ
-25.920694,3.2658086,-0.5615,0.017,STIEEQAETFLEKFNHEAEDLFYQMSLASWNYNTNITEENVQNMNNMGDKWSAFLREQSTLAQMYPLQEIQNLEVKLQQQALQ
-17.535975,10.373543,-2.0924,0.017,STIEEQAKTFLDKFNHEAEDMFYQSSLASWNYNTNITEENVQNMNNAGDKWSAFLKEQSTVAQMYPLQEIQNLTVKLQLMALQ
12.618738,11.693072,-0.3393,0.017,STIEEQAKTFLDKFNHEAEDLFYQSSLAKWNYNTNITEENVQNMNNDGDKWSAFLKEQSTLAQMYPLQEIQNLTVKLQLQALQ
15.832128,-4.0657806,-1.0041,0.017,STIEEQAKTFLDKFNHEAEDLFYQSSLAYWNYNTNITEENVQYMNNAEDKWSAFLKEQSTLAQMYPLQEIQNLTVKLQLQALQ
18.326843,7.605851,-0.5864,0.017,STIEEQAKTFLDFFNHEAEDLFYDSSLALWNYNTNITEENVQNMNNAGDKWSAFLKEQSTLAQMYPLQEIQNLTVKLQLQALQ
-7.0629606,6.50483,-0.6206,0.017,STIEEQAKTFLDKFNDEAEDLFYQSMLASWNYNTNITEENVQNMNNAGDKWSAFLKDQSTLAQMYPLQEIQHLTVKLQLQALQ
-2.0837052,10.218477,-0.847,0.017,MTIEEQAKEFLDKFNHEAEDLFYQSSLASWNYNTNITEENVQNMKNAGDKWSAFLKEQSTLAQMYPLQEIQQLTVKLQLQALQ
8.269086,3.946977,-0.3963,0.017,STIEEQAKEFLDKFNHEAEDLFYQSSLASWNYNTNITEENVQNMNNLGDKWSAFLKEQSTLAQMYPLQEIQNLTVKLQLQALQ
-1.4930038,-9.407703,-2.9128,0.017,STIEEEAKTFLDKFNHEAEDLFYQSSLASWNYNTNITEENVQNMNNAGDKWSAFLKEQRTLAQMYPLREIQNLVVKLQLQALQ
21.135107,8.546705,-0.1028,0.017,SFIEEQAKTFLDKFNHEAEDLFYQSSLAEWNLNTNITEENVTNMNNAGDKWSAFLKEISTLAQMYPLQEIQNLTVKLQLVALQ
3.322973,7.7985945,-0.3624,0.017,STIEEQAKTFLDKFNHEAEDLFYQSSLASWIYNTNITEENVENMKNAGDKWSAFLKEQSTLAQMYPLQEIQNLTVKLQLQALQ
22.662312,-11.292188,-0.0933,0.017,SDIEEQAKTFLDKFNHEAEDLFYQSSLASWNYNTNITEENVQNMNNAGDKWSAFLKEQSTLAQMYPLQEIQNTTVKLQLQALQ
-4.8643565,-13.107313,-1.881,0.017,STIEEQAKTFLDKFNHEAEDLFYQSVLASWNYNTNITEENVQNMNNAEDKWSAFLKEQSTLAQMYPLQEIQNLTVKLQLQALQ
-12.351674,9.706936,-0.5994,0.017,STIEEQAKTFLDKFNHEAEDLFYSSSLDNWNYNTNITEENVQNMNNANDKWSAFLKEQQTLAQMYPLQEIQNLTVKLQLQALQ
8.593499,-17.752003,-1.5717,0.017,STIEEQAKTFLDKFNHEAEDLFYLSSLASWNYNTNITEENVQNMMNAGDKWSAFLKEMAELAQMYPLQEIQNLTVKLQLQALQ
7.7722507,10.664648,-1.4008,0.005,STIEEQAKTFLDKFNHEAEDLFYQSSLASWWYNTNITEENVQNMNNAGDKWSAFLKEQSTLAQMYPLQEIQNLTVKLELQALQ
1.4182626,5.038485,-0.1623,0.017,STIEEQAITFLDKFNHEAEDLFYQSSLASWEYNTNITEENVYNMINAGDKWSAFLKEQSTLAQMYPLQEIQNLTVKLQLQALQ
-1.8499085,-3.903024,-0.0867,0.017,STIEEQAKTFLDKFNHEAEDLFYQSSLASWEYNTNITEENVQNMNNAGDKWSAFLKEQSTLAQMYPLQEIQNLTVKLQLQNLQ
15.377321,-15.635296,-0.3495,0.017,SDIEEQAKTFLDKFNHEAEDLFYQSSLASWNYNTNITEENVQNMNNAGDKWSAFLKETSTLAQMYPLQEIQNLTVKLQLQALQ
6.621385,14.522461,-0.6395,0.017,STIEEQAKTFLDKFNHEAEDLFYQSSLASWEYNTNITEENYQNMNNAGDKWSAFLKEQSTLAQMYPLQEIQNLTVKLQLQALQ
3.2446148,-4.2615166,-0.8001,0.017,STIEEQAKTFLDKFNHEAEDLFYQSSLASWNYNTNITEENVQNMNNALDKWSAFLDEQSTLAQMYPLQEIQNITVKLQLYALQ
20.125715,6.748775,-1.5587,0.017,STIEEQAKTFLDKFNHEAEDLFYQSSLAHWNYNTNITEENVQNMNNAGDKWSAFLKEQSTLAQMYPLQEIQNLEVKLQLQALQ
-3.4612613,2.9506357,-0.1771,0.043,STIEEQAKTFLDKFNHEAEDLFYQGSLALWNYNTNITEENVQNMNNAFDKWSAFLKEQSTLAQMYPLQEIENLTVKLQLHALQ
18.513346,12.0547285,-0.5637,0.017,STIEEQAKTFLDKFNHEAEDLFYQSSLAEWNYNTNITEENVQNMNNAGDKRSAFLKEQSTLAQMYPLQEIQNLTVKLQLQALQ
-5.528968,2.241132,-0.0977,0.017,STIEEQAKTFLDKFNHEAEDLFYQMSLASWNYNTNITEENVQNMNNAGDKWSAFLKEQSTLAQMYPLQEIQELTVRLQLQALQ
-7.5568795,-1.4912,-1.0974,0.017,STIEEQAKTFLDKFNHEAEDLFYQRSLASWNYNTNITEENVQNMNNAGDKWSEFLKEQSTLAQMYPLQLIQNLEVKLQLQALQ
-13.506384,14.500774,-0.213,0.017,STIEEQAKTFLDKFNHEAEDIFYQSSLASWNYNTNITEENFQNMNNAGDKWSAFLWEQSTLAQMYPLQEIQNLTVKVQLQALQ
2.961301,-12.562192,-0.2802,0.017,STIEEQAKTFLDNFNHEAEDLFYQSSLASWNYNTNITEENVQNMNLAEDKWSAFLKEQSTLAQMYPLQEIQNLTVKLQLQALQ
-3.8696053,-5.423402,-0.3769,0.017,SNIEEQAKTFLDKFNHEAEDLFYQSELASWNYNTNITEENVQNMNNAGDKWSAFLNEQSTLAQMYPLVEIQNLTVKLQLKALQ
20.771345,1.9541686,-0.1897,0.017,STIEEQAKTFLDKFNHEAEDLFYQSSLAYWNYNTNITEENVQNMNNAGDKWSAFLKEQSTLAQMYPLQEIQNLTVKLDLQALM
0.7460841,14.689137,-0.1615,0.017,SEIEEQAKTFLDKFNHEAEDLFYQSSLASWNYNTNITEENVQNMNNAGDKWSAFLKEQSTYAQMYPLLEIQNLTVKLQLQALQ
22.434278,6.1444135,-0.0757,0.017,STIEEQAMTFLDKFNHEVEDLFYQSSLAEWNYNTNITEENVQNLNNAGDKWSAFLKEQSTLAQMYPLQEIQNLTVKLQLQQLQ
13.449539,18.831223,-1.0993,0.017,DTIEEQAKTFLDKFNHEAEDLFYQSSKANWNYNTNITEENVQNMNNAGDKWRAFLKEQSTLAQMYPLQEIQNLTVKLQLQELA
27.181646,9.939464,-0.2904,0.017,STIEEQAKDFLDKFNHEAEDTFYQSTLAMWNYNTNITEENVQNMNNAGDKWSAFLKEQSTLAQMYPLQEIQNLTVKLQLQALQ
-7.630428,8.648894,-1.1079,0.017,SQIEEQAKTFLDKFNHEAEDLFYQSSLASWNYNTNITEENVQEMNNAGDKWSAFLKEQSTLAQMYPLQEIQNLMVKLQLQALQ
-15.800674,-8.115762,-0.2749,0.031,STIEEQAKTFLDKFNHEAEDLFYQRSLASWNYNTNITEENWQNMNNAGDKWSAFLKEQSTLAQMYPLQEIDNLTVKLQLQALQ
-15.663665,6.9664364,-0.2297,0.017,STIEEQAKTFLDKFNHEAEDVFYQSSLASWNYNTNITEENVQNMNNDNDKWSAFLFEQSTLAQMYPLQEIQNLTVKLQLQALQ
14.672366,1.641522,-0.3844,0.017,STIEEQAKTFLDKFNHEAEDLFYQSSLASWNYNTNITEENVQNMNNANDKWDAFLKEQSTLAQMYPLQEIQNPTVKLQLQALQ
1.4466344,0.9552051,-1.362,0.017,STIEEQAKTFLDKFNHEAEDLFYQSSLASWDYNTNITEENVQNMMWAGDKWSAFLKEQSTLAQMYPLQEIQNLTVKLQLQALQ
-21.965174,1.005063,-1.273,0.017,STIEEQAKDFLDKFNHEAEDLFYQSSLASWNYNTNITEENRQNMNNAGDKWSAFLKEQSTLAQMYPLQEIQNLTVKLQMQALQ
-20.465702,13.851662,-0.7344,0.017,SSIEEQAKTFLDKFNHEAEDLFYQASLASWNYNTNITEENVQNMNNAGDKWSAFLKEQSTHAQMYPLQEIQNLTVKWQLQALQ
23.210155,-6.494795,-1.197,0.017,STIEEQAKTFLDKFNHEAEDLFYQSSLASWNYNTNITEENFQNMNNAGDKWSAFLKEQSTLAQMYPLQEIDNLTVKLQLQALQ
4.036046,-6.2686706,-0.6073,0.017,STIEEQAKTFLDKFNHEAEDLFYQSSLASWNYNTNITEENVQNMNNASDKWAAFLKEQSTLAQMYPLQEIQNLDVKLQLQALQ
8.251394,-2.3065097,-0.9505,0.017,STIEEQAKTFLDKFNHEAEDLFYQSSLASWNYNTNITEENVQNMNNAKDKWSAFLKEQSELAQMYPLQEIQNLTVKLQLQALQ
-15.328448,14.82507,-0.2293,0.017,SSIEEQAKYFLDKFNHEAEDLFYQSSLASWNYNTNITEENVQNMNNAGDKWSAFLKEQATLAQMYPLQEIQNETVKVQLQALQ
5.997618,-6.893149,-0.5598,0.017,STIEELAKTFLDKFNHEAEDLFYQSSLASYNYNTNITEENVQNMNNADDKWSAFLKEQSTLAQMYPLQEIQNLTVKLQLQALQ
-12.914786,2.6185794,-0.7502,0.043,STIEEQAKTFLDKFNHEAEDLFYQSSLASWNYNTNITEENVQNMNNAGDKWSAFLKEQSTLAQMYPLQEIQNLTVKEQLQALM
1.0222057,-19.006609,-0.0105,0.017,STIEEQSKTFLDKFNHEAEDLFYQSSLASWNYNTNITEENVQNMNMAGDKWSAFLKEQMTLAQMYPLQEIQDLTVKLQLQALQ
16.354422,-1.1576893,-0.8633,0.017,STIEEQAKTFLDKFNHEAEDLFYQSSLASWNYNTNITEENVQNMNNAGDKWSAFLKEQKTLAQMYPLQEIQNLTVKLQLEALQ
21.197668,-12.328526,-0.7834,0.017,SDIEEQAKGFLDKFNEEAEDLFYQSSLASWNYNTNITEENVQNMNNAGDKWSAFLKEQSTLAQMYPLQEIQNLTVKLQLQALQ
-15.808499,13.148634,-0.1403,0.017,STIEEQAKTFLDKFNHEAEDIFYQSSLTSWNYNTNITEENVQNMNNAGDKWSAFLKEQSTLAQMYPLQEIQNPTVKLQLMALQ
9.54531,6.5166917,-1.1687,0.017,STIEEQAKTFLDKFEHEAEDLFYQSNLKSWNYNTNITEENVQNMNNAGDKWSAFLKEQSTLAQMYPLQEIQNLTVKLQLQALQ
-21.571562,8.886234,-1.4891,0.017,STIEEQAKTFLDKFNHEAEDLFYQSSLASWIYNTNITEENVENMNNAGDKWSSFLKEQSTLAQMYPLQEIQNLTVKLQMEALQ
-18.032227,-5.720701,-0.285,0.017,STIEEQAKTFLDKFNHEAEDLFYQSLLASWNYNTNITEENVQNMNNAEDKWSAWLKEQSTLVQMYPLQEIQNMTVKLMLQALQ
23.770933,-4.47619,-1.7675,0.017,STIEEQAKTFLDKFNHESEDLFYQKSLASWTYNTNITEENVQNMNNAGDKWSAFLKEQSTLAQMYPLQEIQDLTVKLQLQALQ
10.334658,15.315369,-1.4637,0.017,SSIEEKAKTFLDKFNHEAEDLFYDSSLASWNYNTNITEENVQNMNNAFDKWSAFLKEQSTLAQMYPLQEIQNLTVKLQLQALQ
-0.654145,-14.659499,-1.3953,0.017,STIEEQAKTFLDKFNHEAEDLFYQSSLASWNYNTNITEENIQNMNNAGDKWIAFLKEQSTLAQMYPLQEIQNLDVKLQLLALQ
-12.792647,-4.615269,-1.0404,0.017,SEIEEQAKTFLDKFNHEAEDLFYQSSMASWNYNTNITEENVQNMNMAGDQWSAFLKEQSTLASMYPLQEIQNLEVKLQLQALQ
-0.12722072,7.62784,-0.3223,0.06,STIEEQAKTFLDKFNSEAEDLYYQSSLAFWNYNTNITEENVQNMENAGDKWSAFLKEQSTLAQMYPLQEIQNLTVKLQLQALQ
3.8865106,-19.366716,-1.1953,0.017,STIEEQAKTFLDKFNHEAEDLFYQSSLASWNYNTNITEENVQNMNNARDKWIRFLKEQSDLAQMYPLQEIQNLTVKLQLQALQ
-4.4910445,0.95729977,-0.9479,0.043,STIEEQAKTFLDEFNHEAEDLFYQMSLASWNYNTNITEENVQNMNNASDNWSAFLKEQSTLAQMYPLQEIQNLPVKLQLQALQ
18.657572,6.172288,-1.1139,0.017,STIEEQAKTFLDKFNHEAEDLFYQSSLAWWEYNTNITEENVQNMNNAGDKWSAFLKEQSTLAQMYPLQEIQNLTVKLQLQALQ
-9.807345,-20.080818,-1.5404,0.005,STIEEQAKTFLDKFEHEAEDLFYQSSLASWNYNTNITEENVMNMNKAGDKWSAFLKEVSTLAQMYPLQEIQNYTVKFQLQALQ
0.6319478,11.559659,-0.4834,0.017,STIEEQAKTFLDKFNHEAEDLFYQSSLQSWNYNTNITEENVDNMNNAGDKWSAFLKEQSTLAQMYPPQEIQNLTVKLQLQALQ
-15.129095,16.629704,-0.1572,0.031,STIEEQAKTFLDKFVHEAEDLFYQSSIASWNYNTNITEENVQNMNNARDKWSAFLKEQSTRAQMYPLQEIQNLTVKLQLQALQ
-20.620094,8.891159,-0.3028,0.017,STIEEQAKTFLDKFNHEAEDLFYQSSLASWNYNTNITEENVQNMNNAGDKWSAFLSEQSTLAQMYPLQEIQNWTVKLQLEALQ
16.036911,-5.0574803,-1.5353,0.017,STIEEQAKTFLDKFNHEAEDLFYQSSLASWNYNTNITEENVQDMNNAVDKWSAFLKEQKTLAQMYPLQEIQNLTVKLQLQALQ
19.001528,-7.5312037,-0.4548,0.017,MTIEEQAKDFLDKFNHEAEDLFYQSALASWNYNTNITEENVQNMNNAGDKWSVFLKEQSELAQMYPLQEIQNLTVKLQLQALQ
-15.259163,11.847586,-0.092,0.017,STIEEQAKTFLDKFNHEAEDLFYQSSLHSWNYNTNITEENVQNMNNAGDKWSAFLKEQSTMAQMYPLQEIQNITVKLQLQALQ
8.628903,8.482985,-0.8794,0.017,STIEEQAKTFLDKFNHEAEDLFYQSSLASWEYNTNITEENVQNMNNAGDKWKAFLKEQSTLAQMYPLQEIQNLTVKLQLQALQ
23.002214,-11.210494,-0.601,0.017,SDIEEQAKTFLDKFNHEAEDLFYQSSLASWNYNTNITEENVQNMNNAGDKWSAFLKEQSTFAQMYPLQEIQNLTRKLQLQALK
27.892796,8.58336,-1.6176,0.017,STIEEQAKTFLDKFNHEAEDLFYQSSAAMWNYNTNITEENVQNMNDAGDKWSAFLKEQSTLAQMYPLQEIQNLTVKLQLQALQ
0.49985224,14.832082,-1.1889,0.043,SEIEEQAKTFLDKFNHEAEDLFYQSSLASWNYNTNITEENVQNMNNAGDKWSTFLKEQSTLAQMYPLQEIQNLTVKLQLQALQ
-4.1927238,-18.314121,-0.6287,0.017,STIEEQAKTFLDKFNHEAEDLFYQSSLASWNYNTNITEENVQNMNNAWDEWSAFLKERSTLAQMYPLQEIQRLTVKLQLQALQ
-21.823088,-6.17789,-1.3402,0.017,STIEEQAKWFLDKFNHEAEDLFYQSSLASWNYNTNITEENVQNMMNAGDKWSAFLKEQSTLAQMYPLQEIQNLDVKLQLQALQ
10.124364,-2.1974964,-0.3765,0.017,STIEEQAKTFLDKFNHEAEDLFYQSSLASWNYNTNITEENVENMNNLGDKWSAFLKEQSTLAQQYPLQEIQNLTVKLLLQALQ
-12.550436,-7.893629,-0.8865,0.017,SDIEEQAKTFLDKFNHEAEDLFYQHSLASWNYNTNITEENVQNMNNAGDKYSAFLKEQSTLAQMFPLQEIQNLTVKLQLQALQ
-15.926329,11.435848,-0.1631,0.017,STIEEQAKTFMDKFNHEAEDLFYQSSLASWNYNTNITEENVQNMNNAYDKWSAFLKEQSTFAQMYPLQEIQNLTVKLQLQALQ
-4.6529975,-7.671258,-0.3639,0.017,STIEEQAKTFLDKFNHEAEDLFYQSSLFSWNYNTNITEENVQNMNNAGDKWSAFLKEQSTLAQMYPLQEIQNLEVKLQLQALQ
10.098168,1.1604677,-1.2833,0.017,STIEEQAKTFLDKFNHEAEDLFYQSSLLSWNYNTNITEENVQNMNEAGDKWSAFLKEQSTLAQMYPLQEIQNLTVKLQLQALQ
5.743416,14.1495905,-0.2581,0.017,STIEEQAKTFLDKFNQEAEDLFYQSSLASWNYNTNITEENEQNMNNAGDKWSAFLKEQSTLAQMYPLQEIQNLTVKLQLQALQ
7.984878,-7.842735,-2.049,0.017,STIEEQAKTFLDKFNHDAEDLFYQSSLASWNYNTNITEENVQNMNNADDKWSYFLKEQATLAQMYPLQEIQNLTVKLQLQALQ
-9.184641,-9.792349,-0.3446,0.017,STIEEQAKTFLDKFNHEAEDLFYQSSLRSWNYNTNITEENVQNMNNAGDKWSAFLKEQSTLAQMYPLQEIENLVVKLQLQALQ
-9.340993,-18.902344,-0.4253,0.017,STIEEQAKTFLDKFNHEAEDLFYQSSLASWNYNTNITEENVQNMNNAGDKWSAFLKERSELAQMYPLQEIQNLTVKLQLQALQ
0.53665996,-1.8488746,-0.7885,0.017,STIEEQAKTFLDKFNHEAEDKFYQSSLASWNYNTNITEENVQNMNNAMDKWSAFLKEQSTLAQMYPLQEIQNLTIKLELQALQ
-15.949274,7.471315,-0.3445,0.017,STIEEQAKTFLDKFNHEAEDLFYQSSLASWNYNTNITEENVQNMFNQDDKWSAFLKEQSTLAQMYPLQEINNRTVKLQLQALQ
-14.298091,1.0740571,-0.0494,0.017,STIEEQAQTFLDKFNHEAEDLFYQSSLASWNYNTNITEENVQEMNNAGDKWSAFLKEQSTLAQMYPLQEIQNLTVKLQLQALM
17.069788,7.3535657,-0.6873,0.017,STIEEQAKTFLDKFNHEAEDLFYQSSLAFWNYNTNITEENVQEMNNAGDKWSAFLKEQSTLAQMYPLQEIQNLTVKLQLQALQ
-10.969542,6.9933505,-0.0461,0.017,STIEEQAKTFLDKFNHEAEDLFYQSSLASWEYNTNITEENVQNMNNAGDKWSAFLKEQSTLAQMYPLQEIQILTVKLQLMALQ
19.317348,-0.08138359,-0.2836,0.017,STIEEQAKTFLDKFNHEAEDLFYYSSLASWNYNTNITEENVQNMNNAGDKWSAFLKEQSTLAQMYPLQEIDNLTVKLQLQALK
12.0652485,14.63145,-1.5274,0.017,STIEELAKTFLDKFNHEAEDRFYQSSLAYWNYNTNITEENVQNMNNAGDKWSAFLKEQSTLAQMYPLQEIENLTVKLQLQALQ
4.2713084,13.706566,-2.2111,0.06,STIEEQAKTFLDKFNHEAEDLFYQSSLTSWAYNTNITEENVQNMNNAGDKWSAFLKEQSTLAQMYPLQEIQNLTVKLQLEALQ
9.510918,12.776817,-1.7201,0.005,STIEEQAKTFLDKFNHEAEDLFYQSSLASWWYNTNITEENVQNMNNAGDKWSAFLKEQSEIAQMYPLQEIQNLTVKLQLQALQ
3.0482657,11.0687685,-1.2825,0.017,SFIEEQAKTFLDKFTHEAEDLFYQSSLASWNYNTNITEENVENMNNAGDKWSAFLKEQSTLAQMYPLQEIQNLTVKLQLQALQ
11.708514,-5.92175,-0.3345,0.017,STLEEQAKTFLDKFNHEAEDLFYQSSLASWNYNTNITEENVQNMNNAGDKWSAFLKEQKTLAQMYPLQEMQNLTVKLELQALQ
-11.29594,-18.560047,-1.1258,0.017,STIEEQAETFLDKFNHEAEDLFYQKSLASWNYNTNITEENVQNMNNAGDKWSAFLKEISTLAQMIPLQEIQNLTVKLQLQALQ
18.769781,-2.8305068,-0.6277,0.005,STIEEQAKDFLHKFNHEAEDLFYQSSLASWNYNTNITEENVQNMNNAFDKWSAFLKEQSTLAQMYPLQEIQNDTVKLQLQALQ
3.848698,-3.3996618,-0.8664,0.017,STIEEQAKTFLDKFNHEAEDLYYQSSLASWNYNTNITEENVQNMNNAEDKWSAFLKEQSTLAQMYPLQEIQNLTVKLQLQALQ
3.5014212,-20.22351,-3.2068,0.017,DTIEEQAKTFLDKFNHEAEDLFYQSSLASWNYNTNITEENVQNMNNAGDKWLAFLKEQSQLAQMYPLQEIQNLTVKLQLQALQ
4.6152906,8.190141,-1.1743,0.017,STIEEQAKTFLDKFNHEAEDLQYQSSLASWNYNTNITEENVENMNNAGDKWSAFLKEKSTLAQMYPLQEIQNLTVKLQLQALQ
5.9770036,12.275568,-1.3036,0.017,STIEEQAKTFLDKFNEEAEDLFYQSSLASWNYNTNITEENVQNMNNAGDKWSAFLKEQSTLAQMYPLQEIQNLPVKLQLQALQ
6.9917693,1.8780384,-0.1565,0.017,STIEEQAKYFLDKFNHEAEDLFYQSSLASWEYNTNITEENVQNMNNAGDKWSAFLKEQSTLAQMYPLQEIHNLTVKLQLQALQ
-14.112574,-13.966074,-2.5803,0.017,STIEEQAKTFLDKFNHEAEDLFYQSSLASWNYNTNITEENVQNMNFAGDKWSAFLKEQSTLANMYPLEEIQNLTVKLQLQALQ
20.872612,13.386691,-0.068,0.017,STIEEQAKIFLDKFNHEAEDLFYQSSLAKWNYNTNITEENVQNMNNAGDKWEAFLKEQSTLAQMYPLQEIQNLTVKLQLQALQ
22.69541,-13.120301,-3.884,0.017,SDIEEQAKTFLDKFNHEAEDLFYQSSLASWNYNTNITEENVQNMNNAGDFWSAFLKEQSTLAQMYPLQEIQNLTVILKLQALQ
-11.493406,7.4599657,-1.9448,0.017,STIEEQAKTFLDKFNHEAEDLFYQSSLASWNYNTNITEENVQNMNNAGDKWSAFLKEQSTLAQMYPLQEIQNLEVKLQLMRLQ
-21.57359,10.913446,-1.1431,0.005,KTIEEQAKTFLDKFNHEAEDLFYQVSLASWNYNTNITEENVQNMNNAGDKWSAFLAEQSTLAQEYPLQEIQNWTVKLQLQALQ
-8.36468,-18.443237,-0.8414,0.017,STIEEQAKTFLDKFNHEAEDLFYESSLASWKYNTNITEENVQNMNNAGDKWSAFLKERSTLAQMYPLQEIQNLTVKLQLQALQ
-17.72602,-0.67570895,-1.0857,0.005,KTIEEQAKEFLDKFNHEAEDLFYMSSLASWNYNTNITEENVQNMNNAMDKWSAFLKEQSTLAQMYPLQEIQNLTVKLQLQALR
28.977087,8.086068,-0.7078,0.017,STWEEQAKTFLDKFNHEAEDLFYQSSLARWDMNTNITEENVQNMKNAGDKWSAFLKEQSTLAQMYPLQEIQNLTVKLQLQALQ
7.296398,-2.5187237,-0.4275,0.017,STIEEQAKTFLDKFNHEAEDLFYQSSLASWNYNTNITEENVQNMNNALSKWSAFLKEQRELAQEYPLQEIQNLTVKLQLQALQ
11.314193,-1.8888121,-1.6738,0.017,STIEEQAKTFLDKFNHEAEDLFYQSSLHSWNYNTNITEENVQNMNNAGDKWSAFLKEQSKLAQMYPLQEIQNLEVKLQLQALQ
6.0560246,15.925699,-1.9267,0.017,SEIEEQAKTFLDKFNHKAEDLFYQSSLASWNYNTNITEENEQNMNNAGDKWSAFLKEQSTLAQMYPLQEIQNLTVKLQLQALQ
13.593431,-2.606666,-0.5883,0.017,SEIEEQAKTFLDKFNHEAEDLKYQSSLASWNYNTNITEENVQKMNHYGDKWSAFLKEQSYLAQMYPLQEIQNLTVKLQLQALQ
25.699429,10.92414,-1.3416,0.017,STIEEQAKTFLDKFEDEAEDLFYQQSLAMWNYNTNITEENVQNMNNAGDKWSAFLKEQSTLAQMYPLQEIQNLTVKLQLQALQ
19.571266,10.488268,-1.8427,0.017,STIEEQAKTFLDKFNHEAEDLFYQSDLARWNYNTNITEENVQNMNNAGDKWSAFLKEQSTLAQMYPLQEIQNLTVKLQLQALQ
10.131841,-0.8413199,-1.6818,0.005,STIEEQAKTFLDKFNHEAEDLFYQSSLASWWYNTNITEENVQNMNNLGDKWSAFLKEQSELAQMYPLQEIQNLTVKLQLQALQ
-5.104984,2.7131302,-1.7093,0.017,STIEEQAKTFLDKFNHEAEDLFYQMSLASWNYNTNITEENVQNMNNAGEKWSAFLKEQSTLAQMYPLQEIQNLTVKLQLQELQ
-23.781042,0.23312318,-0.2346,0.017,SDIEEQAKMFLDKFNHEAEDLFYQSSLASWNYNTNITEENVQNMNNAGDKWSAFLKEQSTGAQMYPLQEIQNLTVKLQLQALQ
20.184477,-15.665767,-0.1278,0.017,SDIEEQAKTFLDKFNHEAEDLFYQSSLESWNYNTNITEENVQNMNNAGDKWSAFLKEQSTLAQMYPLQEIQNLTVKLQLQALQ
